sample	R1	R2
ERR13827976	/Users/Emma/Documents/EIDD/2A/STAGE_2A/DOCUMENTS_DE_STAGE/immunotherapy/PRJEB61942/raw_reads/ERR13827976_1.fastq.gz	/Users/Emma/Documents/EIDD/2A/STAGE_2A/DOCUMENTS_DE_STAGE/immunotherapy/PRJEB61942/raw_reads/ERR13827976_2.fastq.gz
ERR13827977	/Users/Emma/Documents/EIDD/2A/STAGE_2A/DOCUMENTS_DE_STAGE/immunotherapy/PRJEB61942/raw_reads/ERR13827977_1.fastq.gz	/Users/Emma/Documents/EIDD/2A/STAGE_2A/DOCUMENTS_DE_STAGE/immunotherapy/PRJEB61942/raw_reads/ERR13827977_2.fastq.gz
ERR13827978	/Users/Emma/Documents/EIDD/2A/STAGE_2A/DOCUMENTS_DE_STAGE/immunotherapy/PRJEB61942/raw_reads/ERR13827978_1.fastq.gz	/Users/Emma/Documents/EIDD/2A/STAGE_2A/DOCUMENTS_DE_STAGE/immunotherapy/PRJEB61942/raw_reads/ERR13827978_2.fastq.gz
ERR13827979	/Users/Emma/Documents/EIDD/2A/STAGE_2A/DOCUMENTS_DE_STAGE/immunotherapy/PRJEB61942/raw_reads/ERR13827979_1.fastq.gz	/Users/Emma/Documents/EIDD/2A/STAGE_2A/DOCUMENTS_DE_STAGE/immunotherapy/PRJEB61942/raw_reads/ERR13827979_2.fastq.gz
ERR13827983	/Users/Emma/Documents/EIDD/2A/STAGE_2A/DOCUMENTS_DE_STAGE/immunotherapy/PRJEB61942/raw_reads/ERR13827983_1.fastq.gz	/Users/Emma/Documents/EIDD/2A/STAGE_2A/DOCUMENTS_DE_STAGE/immunotherapy/PRJEB61942/raw_reads/ERR13827983_2.fastq.gz
ERR13827990	/Users/Emma/Documents/EIDD/2A/STAGE_2A/DOCUMENTS_DE_STAGE/immunotherapy/PRJEB61942/raw_reads/ERR13827990_1.fastq.gz	/Users/Emma/Documents/EIDD/2A/STAGE_2A/DOCUMENTS_DE_STAGE/immunotherapy/PRJEB61942/raw_reads/ERR13827990_2.fastq.gz
ERR13827993	/Users/Emma/Documents/EIDD/2A/STAGE_2A/DOCUMENTS_DE_STAGE/immunotherapy/PRJEB61942/raw_reads/ERR13827993_1.fastq.gz	/Users/Emma/Documents/EIDD/2A/STAGE_2A/DOCUMENTS_DE_STAGE/immunotherapy/PRJEB61942/raw_reads/ERR13827993_2.fastq.gz
ERR13827998	/Users/Emma/Documents/EIDD/2A/STAGE_2A/DOCUMENTS_DE_STAGE/immunotherapy/PRJEB61942/raw_reads/ERR13827998_1.fastq.gz	/Users/Emma/Documents/EIDD/2A/STAGE_2A/DOCUMENTS_DE_STAGE/immunotherapy/PRJEB61942/raw_reads/ERR13827998_2.fastq.gz
ERR13828004	/Users/Emma/Documents/EIDD/2A/STAGE_2A/DOCUMENTS_DE_STAGE/immunotherapy/PRJEB61942/raw_reads/ERR13828004_1.fastq.gz	/Users/Emma/Documents/EIDD/2A/STAGE_2A/DOCUMENTS_DE_STAGE/immunotherapy/PRJEB61942/raw_reads/ERR13828004_2.fastq.gz
ERR13828005	/Users/Emma/Documents/EIDD/2A/STAGE_2A/DOCUMENTS_DE_STAGE/immunotherapy/PRJEB61942/raw_reads/ERR13828005_1.fastq.gz	/Users/Emma/Documents/EIDD/2A/STAGE_2A/DOCUMENTS_DE_STAGE/immunotherapy/PRJEB61942/raw_reads/ERR13828005_2.fastq.gz
ERR13828010	/Users/Emma/Documents/EIDD/2A/STAGE_2A/DOCUMENTS_DE_STAGE/immunotherapy/PRJEB61942/raw_reads/ERR13828010_1.fastq.gz	/Users/Emma/Documents/EIDD/2A/STAGE_2A/DOCUMENTS_DE_STAGE/immunotherapy/PRJEB61942/raw_reads/ERR13828010_2.fastq.gz
ERR13828016	/Users/Emma/Documents/EIDD/2A/STAGE_2A/DOCUMENTS_DE_STAGE/immunotherapy/PRJEB61942/raw_reads/ERR13828016_1.fastq.gz	/Users/Emma/Documents/EIDD/2A/STAGE_2A/DOCUMENTS_DE_STAGE/immunotherapy/PRJEB61942/raw_reads/ERR13828016_2.fastq.gz
ERR13828019	/Users/Emma/Documents/EIDD/2A/STAGE_2A/DOCUMENTS_DE_STAGE/immunotherapy/PRJEB61942/raw_reads/ERR13828019_1.fastq.gz	/Users/Emma/Documents/EIDD/2A/STAGE_2A/DOCUMENTS_DE_STAGE/immunotherapy/PRJEB61942/raw_reads/ERR13828019_2.fastq.gz
ERR13828022	/Users/Emma/Documents/EIDD/2A/STAGE_2A/DOCUMENTS_DE_STAGE/immunotherapy/PRJEB61942/raw_reads/ERR13828022_1.fastq.gz	/Users/Emma/Documents/EIDD/2A/STAGE_2A/DOCUMENTS_DE_STAGE/immunotherapy/PRJEB61942/raw_reads/ERR13828022_2.fastq.gz
ERR13828023	/Users/Emma/Documents/EIDD/2A/STAGE_2A/DOCUMENTS_DE_STAGE/immunotherapy/PRJEB61942/raw_reads/ERR13828023_1.fastq.gz	/Users/Emma/Documents/EIDD/2A/STAGE_2A/DOCUMENTS_DE_STAGE/immunotherapy/PRJEB61942/raw_reads/ERR13828023_2.fastq.gz
ERR13828025	/Users/Emma/Documents/EIDD/2A/STAGE_2A/DOCUMENTS_DE_STAGE/immunotherapy/PRJEB61942/raw_reads/ERR13828025_1.fastq.gz	/Users/Emma/Documents/EIDD/2A/STAGE_2A/DOCUMENTS_DE_STAGE/immunotherapy/PRJEB61942/raw_reads/ERR13828025_2.fastq.gz
ERR13828026	/Users/Emma/Documents/EIDD/2A/STAGE_2A/DOCUMENTS_DE_STAGE/immunotherapy/PRJEB61942/raw_reads/ERR13828026_1.fastq.gz	/Users/Emma/Documents/EIDD/2A/STAGE_2A/DOCUMENTS_DE_STAGE/immunotherapy/PRJEB61942/raw_reads/ERR13828026_2.fastq.gz
ERR13828027	/Users/Emma/Documents/EIDD/2A/STAGE_2A/DOCUMENTS_DE_STAGE/immunotherapy/PRJEB61942/raw_reads/ERR13828027_1.fastq.gz	/Users/Emma/Documents/EIDD/2A/STAGE_2A/DOCUMENTS_DE_STAGE/immunotherapy/PRJEB61942/raw_reads/ERR13828027_2.fastq.gz
ERR13828028	/Users/Emma/Documents/EIDD/2A/STAGE_2A/DOCUMENTS_DE_STAGE/immunotherapy/PRJEB61942/raw_reads/ERR13828028_1.fastq.gz	/Users/Emma/Documents/EIDD/2A/STAGE_2A/DOCUMENTS_DE_STAGE/immunotherapy/PRJEB61942/raw_reads/ERR13828028_2.fastq.gz
ERR13828032	/Users/Emma/Documents/EIDD/2A/STAGE_2A/DOCUMENTS_DE_STAGE/immunotherapy/PRJEB61942/raw_reads/ERR13828032_1.fastq.gz	/Users/Emma/Documents/EIDD/2A/STAGE_2A/DOCUMENTS_DE_STAGE/immunotherapy/PRJEB61942/raw_reads/ERR13828032_2.fastq.gz
ERR13828035	/Users/Emma/Documents/EIDD/2A/STAGE_2A/DOCUMENTS_DE_STAGE/immunotherapy/PRJEB61942/raw_reads/ERR13828035_1.fastq.gz	/Users/Emma/Documents/EIDD/2A/STAGE_2A/DOCUMENTS_DE_STAGE/immunotherapy/PRJEB61942/raw_reads/ERR13828035_2.fastq.gz
ERR13828036	/Users/Emma/Documents/EIDD/2A/STAGE_2A/DOCUMENTS_DE_STAGE/immunotherapy/PRJEB61942/raw_reads/ERR13828036_1.fastq.gz	/Users/Emma/Documents/EIDD/2A/STAGE_2A/DOCUMENTS_DE_STAGE/immunotherapy/PRJEB61942/raw_reads/ERR13828036_2.fastq.gz
ERR13828043	/Users/Emma/Documents/EIDD/2A/STAGE_2A/DOCUMENTS_DE_STAGE/immunotherapy/PRJEB61942/raw_reads/ERR13828043_1.fastq.gz	/Users/Emma/Documents/EIDD/2A/STAGE_2A/DOCUMENTS_DE_STAGE/immunotherapy/PRJEB61942/raw_reads/ERR13828043_2.fastq.gz
ERR13828045	/Users/Emma/Documents/EIDD/2A/STAGE_2A/DOCUMENTS_DE_STAGE/immunotherapy/PRJEB61942/raw_reads/ERR13828045_1.fastq.gz	/Users/Emma/Documents/EIDD/2A/STAGE_2A/DOCUMENTS_DE_STAGE/immunotherapy/PRJEB61942/raw_reads/ERR13828045_2.fastq.gz
ERR13828047	/Users/Emma/Documents/EIDD/2A/STAGE_2A/DOCUMENTS_DE_STAGE/immunotherapy/PRJEB61942/raw_reads/ERR13828047_1.fastq.gz	/Users/Emma/Documents/EIDD/2A/STAGE_2A/DOCUMENTS_DE_STAGE/immunotherapy/PRJEB61942/raw_reads/ERR13828047_2.fastq.gz
ERR13828050	/Users/Emma/Documents/EIDD/2A/STAGE_2A/DOCUMENTS_DE_STAGE/immunotherapy/PRJEB61942/raw_reads/ERR13828050_1.fastq.gz	/Users/Emma/Documents/EIDD/2A/STAGE_2A/DOCUMENTS_DE_STAGE/immunotherapy/PRJEB61942/raw_reads/ERR13828050_2.fastq.gz
ERR13828052	/Users/Emma/Documents/EIDD/2A/STAGE_2A/DOCUMENTS_DE_STAGE/immunotherapy/PRJEB61942/raw_reads/ERR13828052_1.fastq.gz	/Users/Emma/Documents/EIDD/2A/STAGE_2A/DOCUMENTS_DE_STAGE/immunotherapy/PRJEB61942/raw_reads/ERR13828052_2.fastq.gz
ERR13828056	/Users/Emma/Documents/EIDD/2A/STAGE_2A/DOCUMENTS_DE_STAGE/immunotherapy/PRJEB61942/raw_reads/ERR13828056_1.fastq.gz	/Users/Emma/Documents/EIDD/2A/STAGE_2A/DOCUMENTS_DE_STAGE/immunotherapy/PRJEB61942/raw_reads/ERR13828056_2.fastq.gz
ERR13828059	/Users/Emma/Documents/EIDD/2A/STAGE_2A/DOCUMENTS_DE_STAGE/immunotherapy/PRJEB61942/raw_reads/ERR13828059_1.fastq.gz	/Users/Emma/Documents/EIDD/2A/STAGE_2A/DOCUMENTS_DE_STAGE/immunotherapy/PRJEB61942/raw_reads/ERR13828059_2.fastq.gz
ERR13828060	/Users/Emma/Documents/EIDD/2A/STAGE_2A/DOCUMENTS_DE_STAGE/immunotherapy/PRJEB61942/raw_reads/ERR13828060_1.fastq.gz	/Users/Emma/Documents/EIDD/2A/STAGE_2A/DOCUMENTS_DE_STAGE/immunotherapy/PRJEB61942/raw_reads/ERR13828060_2.fastq.gz
ERR13828061	/Users/Emma/Documents/EIDD/2A/STAGE_2A/DOCUMENTS_DE_STAGE/immunotherapy/PRJEB61942/raw_reads/ERR13828061_1.fastq.gz	/Users/Emma/Documents/EIDD/2A/STAGE_2A/DOCUMENTS_DE_STAGE/immunotherapy/PRJEB61942/raw_reads/ERR13828061_2.fastq.gz
ERR13827980	/Users/Emma/Documents/EIDD/2A/STAGE_2A/DOCUMENTS_DE_STAGE/immunotherapy/PRJEB61942/raw_reads/ERR13827980_1.fastq.gz	/Users/Emma/Documents/EIDD/2A/STAGE_2A/DOCUMENTS_DE_STAGE/immunotherapy/PRJEB61942/raw_reads/ERR13827980_2.fastq.gz
ERR13827986	/Users/Emma/Documents/EIDD/2A/STAGE_2A/DOCUMENTS_DE_STAGE/immunotherapy/PRJEB61942/raw_reads/ERR13827986_1.fastq.gz	/Users/Emma/Documents/EIDD/2A/STAGE_2A/DOCUMENTS_DE_STAGE/immunotherapy/PRJEB61942/raw_reads/ERR13827986_2.fastq.gz
ERR13827987	/Users/Emma/Documents/EIDD/2A/STAGE_2A/DOCUMENTS_DE_STAGE/immunotherapy/PRJEB61942/raw_reads/ERR13827987_1.fastq.gz	/Users/Emma/Documents/EIDD/2A/STAGE_2A/DOCUMENTS_DE_STAGE/immunotherapy/PRJEB61942/raw_reads/ERR13827987_2.fastq.gz
ERR13827994	/Users/Emma/Documents/EIDD/2A/STAGE_2A/DOCUMENTS_DE_STAGE/immunotherapy/PRJEB61942/raw_reads/ERR13827994_1.fastq.gz	/Users/Emma/Documents/EIDD/2A/STAGE_2A/DOCUMENTS_DE_STAGE/immunotherapy/PRJEB61942/raw_reads/ERR13827994_2.fastq.gz
ERR13827995	/Users/Emma/Documents/EIDD/2A/STAGE_2A/DOCUMENTS_DE_STAGE/immunotherapy/PRJEB61942/raw_reads/ERR13827995_1.fastq.gz	/Users/Emma/Documents/EIDD/2A/STAGE_2A/DOCUMENTS_DE_STAGE/immunotherapy/PRJEB61942/raw_reads/ERR13827995_2.fastq.gz
ERR13827981	/Users/Emma/Documents/EIDD/2A/STAGE_2A/DOCUMENTS_DE_STAGE/immunotherapy/PRJEB61942/raw_reads/ERR13827981_1.fastq.gz	/Users/Emma/Documents/EIDD/2A/STAGE_2A/DOCUMENTS_DE_STAGE/immunotherapy/PRJEB61942/raw_reads/ERR13827981_2.fastq.gz
ERR13827996	/Users/Emma/Documents/EIDD/2A/STAGE_2A/DOCUMENTS_DE_STAGE/immunotherapy/PRJEB61942/raw_reads/ERR13827996_1.fastq.gz	/Users/Emma/Documents/EIDD/2A/STAGE_2A/DOCUMENTS_DE_STAGE/immunotherapy/PRJEB61942/raw_reads/ERR13827996_2.fastq.gz
ERR13827982	/Users/Emma/Documents/EIDD/2A/STAGE_2A/DOCUMENTS_DE_STAGE/immunotherapy/PRJEB61942/raw_reads/ERR13827982_1.fastq.gz	/Users/Emma/Documents/EIDD/2A/STAGE_2A/DOCUMENTS_DE_STAGE/immunotherapy/PRJEB61942/raw_reads/ERR13827982_2.fastq.gz
ERR13827984	/Users/Emma/Documents/EIDD/2A/STAGE_2A/DOCUMENTS_DE_STAGE/immunotherapy/PRJEB61942/raw_reads/ERR13827984_1.fastq.gz	/Users/Emma/Documents/EIDD/2A/STAGE_2A/DOCUMENTS_DE_STAGE/immunotherapy/PRJEB61942/raw_reads/ERR13827984_2.fastq.gz
ERR13827997	/Users/Emma/Documents/EIDD/2A/STAGE_2A/DOCUMENTS_DE_STAGE/immunotherapy/PRJEB61942/raw_reads/ERR13827997_1.fastq.gz	/Users/Emma/Documents/EIDD/2A/STAGE_2A/DOCUMENTS_DE_STAGE/immunotherapy/PRJEB61942/raw_reads/ERR13827997_2.fastq.gz
ERR13827985	/Users/Emma/Documents/EIDD/2A/STAGE_2A/DOCUMENTS_DE_STAGE/immunotherapy/PRJEB61942/raw_reads/ERR13827985_1.fastq.gz	/Users/Emma/Documents/EIDD/2A/STAGE_2A/DOCUMENTS_DE_STAGE/immunotherapy/PRJEB61942/raw_reads/ERR13827985_2.fastq.gz
ERR13827988	/Users/Emma/Documents/EIDD/2A/STAGE_2A/DOCUMENTS_DE_STAGE/immunotherapy/PRJEB61942/raw_reads/ERR13827988_1.fastq.gz	/Users/Emma/Documents/EIDD/2A/STAGE_2A/DOCUMENTS_DE_STAGE/immunotherapy/PRJEB61942/raw_reads/ERR13827988_2.fastq.gz
ERR13828003	/Users/Emma/Documents/EIDD/2A/STAGE_2A/DOCUMENTS_DE_STAGE/immunotherapy/PRJEB61942/raw_reads/ERR13828003_1.fastq.gz	/Users/Emma/Documents/EIDD/2A/STAGE_2A/DOCUMENTS_DE_STAGE/immunotherapy/PRJEB61942/raw_reads/ERR13828003_2.fastq.gz
ERR13827989	/Users/Emma/Documents/EIDD/2A/STAGE_2A/DOCUMENTS_DE_STAGE/immunotherapy/PRJEB61942/raw_reads/ERR13827989_1.fastq.gz	/Users/Emma/Documents/EIDD/2A/STAGE_2A/DOCUMENTS_DE_STAGE/immunotherapy/PRJEB61942/raw_reads/ERR13827989_2.fastq.gz
ERR13828006	/Users/Emma/Documents/EIDD/2A/STAGE_2A/DOCUMENTS_DE_STAGE/immunotherapy/PRJEB61942/raw_reads/ERR13828006_1.fastq.gz	/Users/Emma/Documents/EIDD/2A/STAGE_2A/DOCUMENTS_DE_STAGE/immunotherapy/PRJEB61942/raw_reads/ERR13828006_2.fastq.gz
ERR13827991	/Users/Emma/Documents/EIDD/2A/STAGE_2A/DOCUMENTS_DE_STAGE/immunotherapy/PRJEB61942/raw_reads/ERR13827991_1.fastq.gz	/Users/Emma/Documents/EIDD/2A/STAGE_2A/DOCUMENTS_DE_STAGE/immunotherapy/PRJEB61942/raw_reads/ERR13827991_2.fastq.gz
ERR13828007	/Users/Emma/Documents/EIDD/2A/STAGE_2A/DOCUMENTS_DE_STAGE/immunotherapy/PRJEB61942/raw_reads/ERR13828007_1.fastq.gz	/Users/Emma/Documents/EIDD/2A/STAGE_2A/DOCUMENTS_DE_STAGE/immunotherapy/PRJEB61942/raw_reads/ERR13828007_2.fastq.gz
ERR13827992	/Users/Emma/Documents/EIDD/2A/STAGE_2A/DOCUMENTS_DE_STAGE/immunotherapy/PRJEB61942/raw_reads/ERR13827992_1.fastq.gz	/Users/Emma/Documents/EIDD/2A/STAGE_2A/DOCUMENTS_DE_STAGE/immunotherapy/PRJEB61942/raw_reads/ERR13827992_2.fastq.gz
ERR13828009	/Users/Emma/Documents/EIDD/2A/STAGE_2A/DOCUMENTS_DE_STAGE/immunotherapy/PRJEB61942/raw_reads/ERR13828009_1.fastq.gz	/Users/Emma/Documents/EIDD/2A/STAGE_2A/DOCUMENTS_DE_STAGE/immunotherapy/PRJEB61942/raw_reads/ERR13828009_2.fastq.gz
ERR13827999	/Users/Emma/Documents/EIDD/2A/STAGE_2A/DOCUMENTS_DE_STAGE/immunotherapy/PRJEB61942/raw_reads/ERR13827999_1.fastq.gz	/Users/Emma/Documents/EIDD/2A/STAGE_2A/DOCUMENTS_DE_STAGE/immunotherapy/PRJEB61942/raw_reads/ERR13827999_2.fastq.gz
ERR13828011	/Users/Emma/Documents/EIDD/2A/STAGE_2A/DOCUMENTS_DE_STAGE/immunotherapy/PRJEB61942/raw_reads/ERR13828011_1.fastq.gz	/Users/Emma/Documents/EIDD/2A/STAGE_2A/DOCUMENTS_DE_STAGE/immunotherapy/PRJEB61942/raw_reads/ERR13828011_2.fastq.gz
ERR13828000	/Users/Emma/Documents/EIDD/2A/STAGE_2A/DOCUMENTS_DE_STAGE/immunotherapy/PRJEB61942/raw_reads/ERR13828000_1.fastq.gz	/Users/Emma/Documents/EIDD/2A/STAGE_2A/DOCUMENTS_DE_STAGE/immunotherapy/PRJEB61942/raw_reads/ERR13828000_2.fastq.gz
ERR13828013	/Users/Emma/Documents/EIDD/2A/STAGE_2A/DOCUMENTS_DE_STAGE/immunotherapy/PRJEB61942/raw_reads/ERR13828013_1.fastq.gz	/Users/Emma/Documents/EIDD/2A/STAGE_2A/DOCUMENTS_DE_STAGE/immunotherapy/PRJEB61942/raw_reads/ERR13828013_2.fastq.gz
ERR13828001	/Users/Emma/Documents/EIDD/2A/STAGE_2A/DOCUMENTS_DE_STAGE/immunotherapy/PRJEB61942/raw_reads/ERR13828001_1.fastq.gz	/Users/Emma/Documents/EIDD/2A/STAGE_2A/DOCUMENTS_DE_STAGE/immunotherapy/PRJEB61942/raw_reads/ERR13828001_2.fastq.gz
ERR13828030	/Users/Emma/Documents/EIDD/2A/STAGE_2A/DOCUMENTS_DE_STAGE/immunotherapy/PRJEB61942/raw_reads/ERR13828030_1.fastq.gz	/Users/Emma/Documents/EIDD/2A/STAGE_2A/DOCUMENTS_DE_STAGE/immunotherapy/PRJEB61942/raw_reads/ERR13828030_2.fastq.gz
ERR13828002	/Users/Emma/Documents/EIDD/2A/STAGE_2A/DOCUMENTS_DE_STAGE/immunotherapy/PRJEB61942/raw_reads/ERR13828002_1.fastq.gz	/Users/Emma/Documents/EIDD/2A/STAGE_2A/DOCUMENTS_DE_STAGE/immunotherapy/PRJEB61942/raw_reads/ERR13828002_2.fastq.gz
ERR13828034	/Users/Emma/Documents/EIDD/2A/STAGE_2A/DOCUMENTS_DE_STAGE/immunotherapy/PRJEB61942/raw_reads/ERR13828034_1.fastq.gz	/Users/Emma/Documents/EIDD/2A/STAGE_2A/DOCUMENTS_DE_STAGE/immunotherapy/PRJEB61942/raw_reads/ERR13828034_2.fastq.gz
ERR13828046	/Users/Emma/Documents/EIDD/2A/STAGE_2A/DOCUMENTS_DE_STAGE/immunotherapy/PRJEB61942/raw_reads/ERR13828046_1.fastq.gz	/Users/Emma/Documents/EIDD/2A/STAGE_2A/DOCUMENTS_DE_STAGE/immunotherapy/PRJEB61942/raw_reads/ERR13828046_2.fastq.gz
ERR13828008	/Users/Emma/Documents/EIDD/2A/STAGE_2A/DOCUMENTS_DE_STAGE/immunotherapy/PRJEB61942/raw_reads/ERR13828008_1.fastq.gz	/Users/Emma/Documents/EIDD/2A/STAGE_2A/DOCUMENTS_DE_STAGE/immunotherapy/PRJEB61942/raw_reads/ERR13828008_2.fastq.gz
ERR13828048	/Users/Emma/Documents/EIDD/2A/STAGE_2A/DOCUMENTS_DE_STAGE/immunotherapy/PRJEB61942/raw_reads/ERR13828048_1.fastq.gz	/Users/Emma/Documents/EIDD/2A/STAGE_2A/DOCUMENTS_DE_STAGE/immunotherapy/PRJEB61942/raw_reads/ERR13828048_2.fastq.gz
ERR13828053	/Users/Emma/Documents/EIDD/2A/STAGE_2A/DOCUMENTS_DE_STAGE/immunotherapy/PRJEB61942/raw_reads/ERR13828053_1.fastq.gz	/Users/Emma/Documents/EIDD/2A/STAGE_2A/DOCUMENTS_DE_STAGE/immunotherapy/PRJEB61942/raw_reads/ERR13828053_2.fastq.gz
ERR13828012	/Users/Emma/Documents/EIDD/2A/STAGE_2A/DOCUMENTS_DE_STAGE/immunotherapy/PRJEB61942/raw_reads/ERR13828012_1.fastq.gz	/Users/Emma/Documents/EIDD/2A/STAGE_2A/DOCUMENTS_DE_STAGE/immunotherapy/PRJEB61942/raw_reads/ERR13828012_2.fastq.gz
ERR13828058	/Users/Emma/Documents/EIDD/2A/STAGE_2A/DOCUMENTS_DE_STAGE/immunotherapy/PRJEB61942/raw_reads/ERR13828058_1.fastq.gz	/Users/Emma/Documents/EIDD/2A/STAGE_2A/DOCUMENTS_DE_STAGE/immunotherapy/PRJEB61942/raw_reads/ERR13828058_2.fastq.gz
ERR13828014	/Users/Emma/Documents/EIDD/2A/STAGE_2A/DOCUMENTS_DE_STAGE/immunotherapy/PRJEB61942/raw_reads/ERR13828014_1.fastq.gz	/Users/Emma/Documents/EIDD/2A/STAGE_2A/DOCUMENTS_DE_STAGE/immunotherapy/PRJEB61942/raw_reads/ERR13828014_2.fastq.gz
ERR13828015	/Users/Emma/Documents/EIDD/2A/STAGE_2A/DOCUMENTS_DE_STAGE/immunotherapy/PRJEB61942/raw_reads/ERR13828015_1.fastq.gz	/Users/Emma/Documents/EIDD/2A/STAGE_2A/DOCUMENTS_DE_STAGE/immunotherapy/PRJEB61942/raw_reads/ERR13828015_2.fastq.gz
ERR13828017	/Users/Emma/Documents/EIDD/2A/STAGE_2A/DOCUMENTS_DE_STAGE/immunotherapy/PRJEB61942/raw_reads/ERR13828017_1.fastq.gz	/Users/Emma/Documents/EIDD/2A/STAGE_2A/DOCUMENTS_DE_STAGE/immunotherapy/PRJEB61942/raw_reads/ERR13828017_2.fastq.gz
ERR13828018	/Users/Emma/Documents/EIDD/2A/STAGE_2A/DOCUMENTS_DE_STAGE/immunotherapy/PRJEB61942/raw_reads/ERR13828018_1.fastq.gz	/Users/Emma/Documents/EIDD/2A/STAGE_2A/DOCUMENTS_DE_STAGE/immunotherapy/PRJEB61942/raw_reads/ERR13828018_2.fastq.gz
ERR13828020	/Users/Emma/Documents/EIDD/2A/STAGE_2A/DOCUMENTS_DE_STAGE/immunotherapy/PRJEB61942/raw_reads/ERR13828020_1.fastq.gz	/Users/Emma/Documents/EIDD/2A/STAGE_2A/DOCUMENTS_DE_STAGE/immunotherapy/PRJEB61942/raw_reads/ERR13828020_2.fastq.gz
ERR13828021	/Users/Emma/Documents/EIDD/2A/STAGE_2A/DOCUMENTS_DE_STAGE/immunotherapy/PRJEB61942/raw_reads/ERR13828021_1.fastq.gz	/Users/Emma/Documents/EIDD/2A/STAGE_2A/DOCUMENTS_DE_STAGE/immunotherapy/PRJEB61942/raw_reads/ERR13828021_2.fastq.gz
ERR13828024	/Users/Emma/Documents/EIDD/2A/STAGE_2A/DOCUMENTS_DE_STAGE/immunotherapy/PRJEB61942/raw_reads/ERR13828024_1.fastq.gz	/Users/Emma/Documents/EIDD/2A/STAGE_2A/DOCUMENTS_DE_STAGE/immunotherapy/PRJEB61942/raw_reads/ERR13828024_2.fastq.gz
ERR13828029	/Users/Emma/Documents/EIDD/2A/STAGE_2A/DOCUMENTS_DE_STAGE/immunotherapy/PRJEB61942/raw_reads/ERR13828029_1.fastq.gz	/Users/Emma/Documents/EIDD/2A/STAGE_2A/DOCUMENTS_DE_STAGE/immunotherapy/PRJEB61942/raw_reads/ERR13828029_2.fastq.gz
ERR13828031	/Users/Emma/Documents/EIDD/2A/STAGE_2A/DOCUMENTS_DE_STAGE/immunotherapy/PRJEB61942/raw_reads/ERR13828031_1.fastq.gz	/Users/Emma/Documents/EIDD/2A/STAGE_2A/DOCUMENTS_DE_STAGE/immunotherapy/PRJEB61942/raw_reads/ERR13828031_2.fastq.gz
ERR13828033	/Users/Emma/Documents/EIDD/2A/STAGE_2A/DOCUMENTS_DE_STAGE/immunotherapy/PRJEB61942/raw_reads/ERR13828033_1.fastq.gz	/Users/Emma/Documents/EIDD/2A/STAGE_2A/DOCUMENTS_DE_STAGE/immunotherapy/PRJEB61942/raw_reads/ERR13828033_2.fastq.gz
ERR13828037	/Users/Emma/Documents/EIDD/2A/STAGE_2A/DOCUMENTS_DE_STAGE/immunotherapy/PRJEB61942/raw_reads/ERR13828037_1.fastq.gz	/Users/Emma/Documents/EIDD/2A/STAGE_2A/DOCUMENTS_DE_STAGE/immunotherapy/PRJEB61942/raw_reads/ERR13828037_2.fastq.gz
ERR13828038	/Users/Emma/Documents/EIDD/2A/STAGE_2A/DOCUMENTS_DE_STAGE/immunotherapy/PRJEB61942/raw_reads/ERR13828038_1.fastq.gz	/Users/Emma/Documents/EIDD/2A/STAGE_2A/DOCUMENTS_DE_STAGE/immunotherapy/PRJEB61942/raw_reads/ERR13828038_2.fastq.gz
ERR13828039	/Users/Emma/Documents/EIDD/2A/STAGE_2A/DOCUMENTS_DE_STAGE/immunotherapy/PRJEB61942/raw_reads/ERR13828039_1.fastq.gz	/Users/Emma/Documents/EIDD/2A/STAGE_2A/DOCUMENTS_DE_STAGE/immunotherapy/PRJEB61942/raw_reads/ERR13828039_2.fastq.gz
ERR13828040	/Users/Emma/Documents/EIDD/2A/STAGE_2A/DOCUMENTS_DE_STAGE/immunotherapy/PRJEB61942/raw_reads/ERR13828040_1.fastq.gz	/Users/Emma/Documents/EIDD/2A/STAGE_2A/DOCUMENTS_DE_STAGE/immunotherapy/PRJEB61942/raw_reads/ERR13828040_2.fastq.gz
ERR13828041	/Users/Emma/Documents/EIDD/2A/STAGE_2A/DOCUMENTS_DE_STAGE/immunotherapy/PRJEB61942/raw_reads/ERR13828041_1.fastq.gz	/Users/Emma/Documents/EIDD/2A/STAGE_2A/DOCUMENTS_DE_STAGE/immunotherapy/PRJEB61942/raw_reads/ERR13828041_2.fastq.gz
ERR13828042	/Users/Emma/Documents/EIDD/2A/STAGE_2A/DOCUMENTS_DE_STAGE/immunotherapy/PRJEB61942/raw_reads/ERR13828042_1.fastq.gz	/Users/Emma/Documents/EIDD/2A/STAGE_2A/DOCUMENTS_DE_STAGE/immunotherapy/PRJEB61942/raw_reads/ERR13828042_2.fastq.gz
ERR13828044	/Users/Emma/Documents/EIDD/2A/STAGE_2A/DOCUMENTS_DE_STAGE/immunotherapy/PRJEB61942/raw_reads/ERR13828044_1.fastq.gz	/Users/Emma/Documents/EIDD/2A/STAGE_2A/DOCUMENTS_DE_STAGE/immunotherapy/PRJEB61942/raw_reads/ERR13828044_2.fastq.gz
ERR13828049	/Users/Emma/Documents/EIDD/2A/STAGE_2A/DOCUMENTS_DE_STAGE/immunotherapy/PRJEB61942/raw_reads/ERR13828049_1.fastq.gz	/Users/Emma/Documents/EIDD/2A/STAGE_2A/DOCUMENTS_DE_STAGE/immunotherapy/PRJEB61942/raw_reads/ERR13828049_2.fastq.gz
ERR13828051	/Users/Emma/Documents/EIDD/2A/STAGE_2A/DOCUMENTS_DE_STAGE/immunotherapy/PRJEB61942/raw_reads/ERR13828051_1.fastq.gz	/Users/Emma/Documents/EIDD/2A/STAGE_2A/DOCUMENTS_DE_STAGE/immunotherapy/PRJEB61942/raw_reads/ERR13828051_2.fastq.gz
ERR13828054	/Users/Emma/Documents/EIDD/2A/STAGE_2A/DOCUMENTS_DE_STAGE/immunotherapy/PRJEB61942/raw_reads/ERR13828054_1.fastq.gz	/Users/Emma/Documents/EIDD/2A/STAGE_2A/DOCUMENTS_DE_STAGE/immunotherapy/PRJEB61942/raw_reads/ERR13828054_2.fastq.gz
ERR13828055	/Users/Emma/Documents/EIDD/2A/STAGE_2A/DOCUMENTS_DE_STAGE/immunotherapy/PRJEB61942/raw_reads/ERR13828055_1.fastq.gz	/Users/Emma/Documents/EIDD/2A/STAGE_2A/DOCUMENTS_DE_STAGE/immunotherapy/PRJEB61942/raw_reads/ERR13828055_2.fastq.gz
ERR13828057	/Users/Emma/Documents/EIDD/2A/STAGE_2A/DOCUMENTS_DE_STAGE/immunotherapy/PRJEB61942/raw_reads/ERR13828057_1.fastq.gz	/Users/Emma/Documents/EIDD/2A/STAGE_2A/DOCUMENTS_DE_STAGE/immunotherapy/PRJEB61942/raw_reads/ERR13828057_2.fastq.gz
ERR13828062	/Users/Emma/Documents/EIDD/2A/STAGE_2A/DOCUMENTS_DE_STAGE/immunotherapy/PRJEB61942/raw_reads/ERR13828062_1.fastq.gz	/Users/Emma/Documents/EIDD/2A/STAGE_2A/DOCUMENTS_DE_STAGE/immunotherapy/PRJEB61942/raw_reads/ERR13828062_2.fastq.gz
ERR13828063	/Users/Emma/Documents/EIDD/2A/STAGE_2A/DOCUMENTS_DE_STAGE/immunotherapy/PRJEB61942/raw_reads/ERR13828063_1.fastq.gz	/Users/Emma/Documents/EIDD/2A/STAGE_2A/DOCUMENTS_DE_STAGE/immunotherapy/PRJEB61942/raw_reads/ERR13828063_2.fastq.gz
