run_accession	sample_accession	experiment_accession	study_accession	tax_id	scientific_name	fastq_md5	fastq_ftp	submitted_ftp	sra_ftp	bam_ftp
ERR13827976	SAMEA116142977	ERX13230742	PRJEB61942	9606	Homo sapiens	14d2b44bec951dab617178d136f9b0ae;87c4847b16cf3b353f77d811c9febad7	ftp.sra.ebi.ac.uk/vol1/fastq/ERR138/076/ERR13827976/ERR13827976_1.fastq.gz;ftp.sra.ebi.ac.uk/vol1/fastq/ERR138/076/ERR13827976/ERR13827976_2.fastq.gz	ftp.sra.ebi.ac.uk/vol1/run/ERR138/ERR13827976/11144_16_L001_R2_001.fastq.gz;ftp.sra.ebi.ac.uk/vol1/run/ERR138/ERR13827976/11144_1_L001_R1_001.fastq.gz		ftp.sra.ebi.ac.uk/vol1/err/ERR138/076/ERR13827976/ERR13827976.bam
ERR13827977	SAMEA116142978	ERX13230743	PRJEB61942	9606	Homo sapiens	ffcf2cd7898f557b3953ecf0f53c8591;9ed1e4ad88e021a7fe4c30f1918b9f19	ftp.sra.ebi.ac.uk/vol1/fastq/ERR138/077/ERR13827977/ERR13827977_1.fastq.gz;ftp.sra.ebi.ac.uk/vol1/fastq/ERR138/077/ERR13827977/ERR13827977_2.fastq.gz	ftp.sra.ebi.ac.uk/vol1/run/ERR138/ERR13827977/11600_0_L001_R1_001.fastq.gz;ftp.sra.ebi.ac.uk/vol1/run/ERR138/ERR13827977/11600_15_L001_R2_001.fastq.gz		ftp.sra.ebi.ac.uk/vol1/err/ERR138/077/ERR13827977/ERR13827977.bam
ERR13827978	SAMEA116142979	ERX13230744	PRJEB61942	9606	Homo sapiens	bc83976a8f3f7b0e70afc0ddcacc99ab;8c70f5e1e8636d8ddeb0fffc022445a8	ftp.sra.ebi.ac.uk/vol1/fastq/ERR138/078/ERR13827978/ERR13827978_1.fastq.gz;ftp.sra.ebi.ac.uk/vol1/fastq/ERR138/078/ERR13827978/ERR13827978_2.fastq.gz	ftp.sra.ebi.ac.uk/vol1/run/ERR138/ERR13827978/11603_17_L001_R2_001.fastq.gz;ftp.sra.ebi.ac.uk/vol1/run/ERR138/ERR13827978/11603_2_L001_R1_001.fastq.gz		ftp.sra.ebi.ac.uk/vol1/err/ERR138/078/ERR13827978/ERR13827978.bam
ERR13827979	SAMEA116142980	ERX13230745	PRJEB61942	9606	Homo sapiens	de3f808799cc54e1cb6e404a5a530322;7d5ef8a94b43203cda1827b11976befb	ftp.sra.ebi.ac.uk/vol1/fastq/ERR138/079/ERR13827979/ERR13827979_1.fastq.gz;ftp.sra.ebi.ac.uk/vol1/fastq/ERR138/079/ERR13827979/ERR13827979_2.fastq.gz	ftp.sra.ebi.ac.uk/vol1/run/ERR138/ERR13827979/11614_18_L001_R2_001.fastq.gz;ftp.sra.ebi.ac.uk/vol1/run/ERR138/ERR13827979/11614_3_L001_R1_001.fastq.gz		ftp.sra.ebi.ac.uk/vol1/err/ERR138/079/ERR13827979/ERR13827979.bam
ERR13827983	SAMEA116142984	ERX13230749	PRJEB61942	9606	Homo sapiens	807bcf625a26b5c0bac614395c3c1e9d;25f76633fe2a6ed088aa3e057801adca	ftp.sra.ebi.ac.uk/vol1/fastq/ERR138/083/ERR13827983/ERR13827983_1.fastq.gz;ftp.sra.ebi.ac.uk/vol1/fastq/ERR138/083/ERR13827983/ERR13827983_2.fastq.gz	ftp.sra.ebi.ac.uk/vol1/run/ERR138/ERR13827983/21601_22_L001_R2_001.fastq.gz;ftp.sra.ebi.ac.uk/vol1/run/ERR138/ERR13827983/21601_7_L001_R1_001.fastq.gz		ftp.sra.ebi.ac.uk/vol1/err/ERR138/083/ERR13827983/ERR13827983.bam
ERR13827990	SAMEA116142991	ERX13230756	PRJEB61942	9606	Homo sapiens	905b8a5361a3290f07a3731984c38815;220ee74bd916113f108baf97f9ca4d71	ftp.sra.ebi.ac.uk/vol1/fastq/ERR138/090/ERR13827990/ERR13827990_1.fastq.gz;ftp.sra.ebi.ac.uk/vol1/fastq/ERR138/090/ERR13827990/ERR13827990_2.fastq.gz	ftp.sra.ebi.ac.uk/vol1/run/ERR138/ERR13827990/1604_150_L001_R1_001.fastq.gz;ftp.sra.ebi.ac.uk/vol1/run/ERR138/ERR13827990/1604_151_L001_R2_001.fastq.gz		ftp.sra.ebi.ac.uk/vol1/err/ERR138/090/ERR13827990/ERR13827990.bam
ERR13827993	SAMEA116142994	ERX13230759	PRJEB61942	9606	Homo sapiens	88f2474715b08f5eae54c1856967e0ef;439fed56e9d1dca26bce47a38fbf322f	ftp.sra.ebi.ac.uk/vol1/fastq/ERR138/093/ERR13827993/ERR13827993_1.fastq.gz;ftp.sra.ebi.ac.uk/vol1/fastq/ERR138/093/ERR13827993/ERR13827993_2.fastq.gz	ftp.sra.ebi.ac.uk/vol1/run/ERR138/ERR13827993/1611_74_L001_R1_001.fastq.gz;ftp.sra.ebi.ac.uk/vol1/run/ERR138/ERR13827993/1611_75_L001_R2_001.fastq.gz		ftp.sra.ebi.ac.uk/vol1/err/ERR138/093/ERR13827993/ERR13827993.bam
ERR13827998	SAMEA116142999	ERX13230764	PRJEB61942	9606	Homo sapiens	6c02af8272a8525681936bb99ce62aea;7c60271fec701fb6d62fdb1a94a4ee52	ftp.sra.ebi.ac.uk/vol1/fastq/ERR138/098/ERR13827998/ERR13827998_1.fastq.gz;ftp.sra.ebi.ac.uk/vol1/fastq/ERR138/098/ERR13827998/ERR13827998_2.fastq.gz	ftp.sra.ebi.ac.uk/vol1/run/ERR138/ERR13827998/1619_166_L001_R1_001.fastq.gz;ftp.sra.ebi.ac.uk/vol1/run/ERR138/ERR13827998/1619_167_L001_R2_001.fastq.gz		ftp.sra.ebi.ac.uk/vol1/err/ERR138/098/ERR13827998/ERR13827998.bam
ERR13828004	SAMEA116143005	ERX13230770	PRJEB61942	9606	Homo sapiens	4ca0daab42601f6a6f67f592edb43cf7;2dbbae2477a327d3380a731a027eb5e2	ftp.sra.ebi.ac.uk/vol1/fastq/ERR138/004/ERR13828004/ERR13828004_1.fastq.gz;ftp.sra.ebi.ac.uk/vol1/fastq/ERR138/004/ERR13828004/ERR13828004_2.fastq.gz	ftp.sra.ebi.ac.uk/vol1/run/ERR138/ERR13828004/1632_122_L001_R1_001.fastq.gz;ftp.sra.ebi.ac.uk/vol1/run/ERR138/ERR13828004/1632_123_L001_R2_001.fastq.gz		ftp.sra.ebi.ac.uk/vol1/err/ERR138/004/ERR13828004/ERR13828004.bam
ERR13828005	SAMEA116143006	ERX13230771	PRJEB61942	9606	Homo sapiens	20a6fd87285b52fb2a0d03999942a6da;e8ac14feb49f4709804f1b111e878900	ftp.sra.ebi.ac.uk/vol1/fastq/ERR138/005/ERR13828005/ERR13828005_1.fastq.gz;ftp.sra.ebi.ac.uk/vol1/fastq/ERR138/005/ERR13828005/ERR13828005_2.fastq.gz	ftp.sra.ebi.ac.uk/vol1/run/ERR138/ERR13828005/1636_8_L001_R1_001.fastq.gz;ftp.sra.ebi.ac.uk/vol1/run/ERR138/ERR13828005/1636_9_L001_R2_001.fastq.gz		ftp.sra.ebi.ac.uk/vol1/err/ERR138/005/ERR13828005/ERR13828005.bam
ERR13828010	SAMEA116143011	ERX13230776	PRJEB61942	9606	Homo sapiens	a8eb73fb79623ab7eb4fe9d20e0585d7;127cdc890c779120de2f40693c99d273	ftp.sra.ebi.ac.uk/vol1/fastq/ERR138/010/ERR13828010/ERR13828010_1.fastq.gz;ftp.sra.ebi.ac.uk/vol1/fastq/ERR138/010/ERR13828010/ERR13828010_2.fastq.gz	ftp.sra.ebi.ac.uk/vol1/run/ERR138/ERR13828010/1649_116_L001_R1_001.fastq.gz;ftp.sra.ebi.ac.uk/vol1/run/ERR138/ERR13828010/1649_117_L001_R2_001.fastq.gz		ftp.sra.ebi.ac.uk/vol1/err/ERR138/010/ERR13828010/ERR13828010.bam
ERR13828016	SAMEA116143017	ERX13230782	PRJEB61942	9606	Homo sapiens	17cb8457639feaef1b445a08f27adb77;c364a9fd29c7b86842614b9ac7adf1e3	ftp.sra.ebi.ac.uk/vol1/fastq/ERR138/016/ERR13828016/ERR13828016_1.fastq.gz;ftp.sra.ebi.ac.uk/vol1/fastq/ERR138/016/ERR13828016/ERR13828016_2.fastq.gz	ftp.sra.ebi.ac.uk/vol1/run/ERR138/ERR13828016/1673_40_L001_R1_001.fastq.gz;ftp.sra.ebi.ac.uk/vol1/run/ERR138/ERR13828016/1673_41_L001_R2_001.fastq.gz		ftp.sra.ebi.ac.uk/vol1/err/ERR138/016/ERR13828016/ERR13828016.bam
ERR13828019	SAMEA116143020	ERX13230785	PRJEB61942	9606	Homo sapiens	2e4212db3237a2710cc6dde584b3e7fd;fdbe14155c3ff06f199548136523e696	ftp.sra.ebi.ac.uk/vol1/fastq/ERR138/019/ERR13828019/ERR13828019_1.fastq.gz;ftp.sra.ebi.ac.uk/vol1/fastq/ERR138/019/ERR13828019/ERR13828019_2.fastq.gz	ftp.sra.ebi.ac.uk/vol1/run/ERR138/ERR13828019/1679_132_L001_R1_001.fastq.gz;ftp.sra.ebi.ac.uk/vol1/run/ERR138/ERR13828019/1679_133_L001_R2_001.fastq.gz		ftp.sra.ebi.ac.uk/vol1/err/ERR138/019/ERR13828019/ERR13828019.bam
ERR13828022	SAMEA116143023	ERX13230788	PRJEB61942	9606	Homo sapiens	dc97b6ef3bd531f47482c17593c66eb5;c6e518401a714b3b7b62e8b3a93bfe46	ftp.sra.ebi.ac.uk/vol1/fastq/ERR138/022/ERR13828022/ERR13828022_1.fastq.gz;ftp.sra.ebi.ac.uk/vol1/fastq/ERR138/022/ERR13828022/ERR13828022_2.fastq.gz	ftp.sra.ebi.ac.uk/vol1/run/ERR138/ERR13828022/1684_138_L001_R1_001.fastq.gz;ftp.sra.ebi.ac.uk/vol1/run/ERR138/ERR13828022/1684_139_L001_R2_001.fastq.gz		ftp.sra.ebi.ac.uk/vol1/err/ERR138/022/ERR13828022/ERR13828022.bam
ERR13828023	SAMEA116143024	ERX13230789	PRJEB61942	9606	Homo sapiens	60394c3b3295b5817985be7340acf18b;26f627502735d4251c5767c648205a39	ftp.sra.ebi.ac.uk/vol1/fastq/ERR138/023/ERR13828023/ERR13828023_1.fastq.gz;ftp.sra.ebi.ac.uk/vol1/fastq/ERR138/023/ERR13828023/ERR13828023_2.fastq.gz	ftp.sra.ebi.ac.uk/vol1/run/ERR138/ERR13828023/1686_72_L001_R1_001.fastq.gz;ftp.sra.ebi.ac.uk/vol1/run/ERR138/ERR13828023/1686_73_L001_R2_001.fastq.gz		ftp.sra.ebi.ac.uk/vol1/err/ERR138/023/ERR13828023/ERR13828023.bam
ERR13828025	SAMEA116143026	ERX13230791	PRJEB61942	9606	Homo sapiens	c90b56b821fd3d83f56cdc4743bfe4ab;398744275d4c7f97fda22e369f209d66	ftp.sra.ebi.ac.uk/vol1/fastq/ERR138/025/ERR13828025/ERR13828025_1.fastq.gz;ftp.sra.ebi.ac.uk/vol1/fastq/ERR138/025/ERR13828025/ERR13828025_2.fastq.gz	ftp.sra.ebi.ac.uk/vol1/run/ERR138/ERR13828025/1694_66_L001_R1_001.fastq.gz;ftp.sra.ebi.ac.uk/vol1/run/ERR138/ERR13828025/1694_67_L001_R2_001.fastq.gz		ftp.sra.ebi.ac.uk/vol1/err/ERR138/025/ERR13828025/ERR13828025.bam
ERR13828026	SAMEA116143027	ERX13230792	PRJEB61942	9606	Homo sapiens	cac33d02bf661d4317f98f3df0cc3987;52ea9302a3b65f2963f47b7fd80a3f3a	ftp.sra.ebi.ac.uk/vol1/fastq/ERR138/026/ERR13828026/ERR13828026_1.fastq.gz;ftp.sra.ebi.ac.uk/vol1/fastq/ERR138/026/ERR13828026/ERR13828026_2.fastq.gz	ftp.sra.ebi.ac.uk/vol1/run/ERR138/ERR13828026/1696_76_L001_R1_001.fastq.gz;ftp.sra.ebi.ac.uk/vol1/run/ERR138/ERR13828026/1696_77_L001_R2_001.fastq.gz		ftp.sra.ebi.ac.uk/vol1/err/ERR138/026/ERR13828026/ERR13828026.bam
ERR13828027	SAMEA116143028	ERX13230793	PRJEB61942	9606	Homo sapiens	e7f52a6bb37710e4d772a5b1b94c5bec;d21e6aa3e10e4c735fe60cb4f3703e85	ftp.sra.ebi.ac.uk/vol1/fastq/ERR138/027/ERR13828027/ERR13828027_1.fastq.gz;ftp.sra.ebi.ac.uk/vol1/fastq/ERR138/027/ERR13828027/ERR13828027_2.fastq.gz	ftp.sra.ebi.ac.uk/vol1/run/ERR138/ERR13828027/2022_188_L001_R1_001.fastq.gz;ftp.sra.ebi.ac.uk/vol1/run/ERR138/ERR13828027/2022_189_L001_R2_001.fastq.gz		ftp.sra.ebi.ac.uk/vol1/err/ERR138/027/ERR13828027/ERR13828027.bam
ERR13828028	SAMEA116143029	ERX13230794	PRJEB61942	9606	Homo sapiens	d13d31518f36ee720c9cc1922f0c91ff;48928ca9f07034fd65fe94b8d674947e	ftp.sra.ebi.ac.uk/vol1/fastq/ERR138/028/ERR13828028/ERR13828028_1.fastq.gz;ftp.sra.ebi.ac.uk/vol1/fastq/ERR138/028/ERR13828028/ERR13828028_2.fastq.gz	ftp.sra.ebi.ac.uk/vol1/run/ERR138/ERR13828028/2027_156_L001_R1_001.fastq.gz;ftp.sra.ebi.ac.uk/vol1/run/ERR138/ERR13828028/2027_157_L001_R2_001.fastq.gz		ftp.sra.ebi.ac.uk/vol1/err/ERR138/028/ERR13828028/ERR13828028.bam
ERR13828032	SAMEA116143033	ERX13230798	PRJEB61942	9606	Homo sapiens	436fe158b40cd3169b2604e62df32feb;16b96ad39f61742951748f336310ffe4	ftp.sra.ebi.ac.uk/vol1/fastq/ERR138/032/ERR13828032/ERR13828032_1.fastq.gz;ftp.sra.ebi.ac.uk/vol1/fastq/ERR138/032/ERR13828032/ERR13828032_2.fastq.gz	ftp.sra.ebi.ac.uk/vol1/run/ERR138/ERR13828032/GU39_76_L001_R1_001.fastq.gz;ftp.sra.ebi.ac.uk/vol1/run/ERR138/ERR13828032/GU39_77_L001_R2_001.fastq.gz		ftp.sra.ebi.ac.uk/vol1/err/ERR138/032/ERR13828032/ERR13828032.bam
ERR13828035	SAMEA116143036	ERX13230801	PRJEB61942	9606	Homo sapiens	4530a396bce94d72154e071a3771cc12;be028f58d34e1758d5f810923a5e303e	ftp.sra.ebi.ac.uk/vol1/fastq/ERR138/035/ERR13828035/ERR13828035_1.fastq.gz;ftp.sra.ebi.ac.uk/vol1/fastq/ERR138/035/ERR13828035/ERR13828035_2.fastq.gz	ftp.sra.ebi.ac.uk/vol1/run/ERR138/ERR13828035/GU42_82_L001_R1_001.fastq.gz;ftp.sra.ebi.ac.uk/vol1/run/ERR138/ERR13828035/GU42_83_L001_R2_001.fastq.gz		ftp.sra.ebi.ac.uk/vol1/err/ERR138/035/ERR13828035/ERR13828035.bam
ERR13828036	SAMEA116143037	ERX13230802	PRJEB61942	9606	Homo sapiens	d6e71365384002fee2b5ec45dfacb675;57f25554eddc65978ac1c1557726d82e	ftp.sra.ebi.ac.uk/vol1/fastq/ERR138/036/ERR13828036/ERR13828036_1.fastq.gz;ftp.sra.ebi.ac.uk/vol1/fastq/ERR138/036/ERR13828036/ERR13828036_2.fastq.gz	ftp.sra.ebi.ac.uk/vol1/run/ERR138/ERR13828036/GU47_92_L001_R1_001.fastq.gz;ftp.sra.ebi.ac.uk/vol1/run/ERR138/ERR13828036/GU47_93_L001_R2_001.fastq.gz		ftp.sra.ebi.ac.uk/vol1/err/ERR138/036/ERR13828036/ERR13828036.bam
ERR13828043	SAMEA116143044	ERX13230809	PRJEB61942	9606	Homo sapiens	c7a29e4c72d3e643b47dc09692aa93b8;71c09c169efc7ae8bb301ed728fb45f2	ftp.sra.ebi.ac.uk/vol1/fastq/ERR138/043/ERR13828043/ERR13828043_1.fastq.gz;ftp.sra.ebi.ac.uk/vol1/fastq/ERR138/043/ERR13828043/ERR13828043_2.fastq.gz	ftp.sra.ebi.ac.uk/vol1/run/ERR138/ERR13828043/GU57_112_L001_R1_001.fastq.gz;ftp.sra.ebi.ac.uk/vol1/run/ERR138/ERR13828043/GU57_113_L001_R2_001.fastq.gz		ftp.sra.ebi.ac.uk/vol1/err/ERR138/043/ERR13828043/ERR13828043.bam
ERR13828045	SAMEA116143046	ERX13230811	PRJEB61942	9606	Homo sapiens	237ae5269c3e5d49ce6060863b98aef0;1655abfa1a3ccc7c2620a0ec6e8c2c5c	ftp.sra.ebi.ac.uk/vol1/fastq/ERR138/045/ERR13828045/ERR13828045_1.fastq.gz;ftp.sra.ebi.ac.uk/vol1/fastq/ERR138/045/ERR13828045/ERR13828045_2.fastq.gz	ftp.sra.ebi.ac.uk/vol1/run/ERR138/ERR13828045/GU59_116_L001_R1_001.fastq.gz;ftp.sra.ebi.ac.uk/vol1/run/ERR138/ERR13828045/GU59_117_L001_R2_001.fastq.gz		ftp.sra.ebi.ac.uk/vol1/err/ERR138/045/ERR13828045/ERR13828045.bam
ERR13828047	SAMEA116143048	ERX13230813	PRJEB61942	9606	Homo sapiens	5802729c6690842a9c8f9eb22dfc80ce;53e42c7457c3baa1346433420f0437fb	ftp.sra.ebi.ac.uk/vol1/fastq/ERR138/047/ERR13828047/ERR13828047_1.fastq.gz;ftp.sra.ebi.ac.uk/vol1/fastq/ERR138/047/ERR13828047/ERR13828047_2.fastq.gz	ftp.sra.ebi.ac.uk/vol1/run/ERR138/ERR13828047/GU61_120_L001_R1_001.fastq.gz;ftp.sra.ebi.ac.uk/vol1/run/ERR138/ERR13828047/GU61_121_L001_R2_001.fastq.gz		ftp.sra.ebi.ac.uk/vol1/err/ERR138/047/ERR13828047/ERR13828047.bam
ERR13828050	SAMEA116143051	ERX13230816	PRJEB61942	9606	Homo sapiens	d9eb9b83ce5248e729c3ec9ee83d5bc8;98542b77c70190390263abc483151294	ftp.sra.ebi.ac.uk/vol1/fastq/ERR138/050/ERR13828050/ERR13828050_1.fastq.gz;ftp.sra.ebi.ac.uk/vol1/fastq/ERR138/050/ERR13828050/ERR13828050_2.fastq.gz	ftp.sra.ebi.ac.uk/vol1/run/ERR138/ERR13828050/GU67_132_L001_R1_001.fastq.gz;ftp.sra.ebi.ac.uk/vol1/run/ERR138/ERR13828050/GU67_133_L001_R2_001.fastq.gz		ftp.sra.ebi.ac.uk/vol1/err/ERR138/050/ERR13828050/ERR13828050.bam
ERR13828052	SAMEA116143053	ERX13230818	PRJEB61942	9606	Homo sapiens	6a1de897049aa392d925d02e600f01d5;b25fd7d76730393d2b872476389f6088	ftp.sra.ebi.ac.uk/vol1/fastq/ERR138/052/ERR13828052/ERR13828052_1.fastq.gz;ftp.sra.ebi.ac.uk/vol1/fastq/ERR138/052/ERR13828052/ERR13828052_2.fastq.gz	ftp.sra.ebi.ac.uk/vol1/run/ERR138/ERR13828052/GU69_136_L001_R1_001.fastq.gz;ftp.sra.ebi.ac.uk/vol1/run/ERR138/ERR13828052/GU69_137_L001_R2_001.fastq.gz		ftp.sra.ebi.ac.uk/vol1/err/ERR138/052/ERR13828052/ERR13828052.bam
ERR13828056	SAMEA116143057	ERX13230822	PRJEB61942	9606	Homo sapiens	7f61f611e5048626bf2e0d40c2a12334;42b83f93a8e6fff0b268e33e22664260	ftp.sra.ebi.ac.uk/vol1/fastq/ERR138/056/ERR13828056/ERR13828056_1.fastq.gz;ftp.sra.ebi.ac.uk/vol1/fastq/ERR138/056/ERR13828056/ERR13828056_2.fastq.gz	ftp.sra.ebi.ac.uk/vol1/run/ERR138/ERR13828056/GU73_144_L001_R1_001.fastq.gz;ftp.sra.ebi.ac.uk/vol1/run/ERR138/ERR13828056/GU73_145_L001_R2_001.fastq.gz		ftp.sra.ebi.ac.uk/vol1/err/ERR138/056/ERR13828056/ERR13828056.bam
ERR13828059	SAMEA116143060	ERX13230825	PRJEB61942	9606	Homo sapiens	18708a546b08d77d564e240e2bd6645d;559167356a027ca7b6ed00552d1458a2	ftp.sra.ebi.ac.uk/vol1/fastq/ERR138/059/ERR13828059/ERR13828059_1.fastq.gz;ftp.sra.ebi.ac.uk/vol1/fastq/ERR138/059/ERR13828059/ERR13828059_2.fastq.gz	ftp.sra.ebi.ac.uk/vol1/run/ERR138/ERR13828059/GU76_150_L001_R1_001.fastq.gz;ftp.sra.ebi.ac.uk/vol1/run/ERR138/ERR13828059/GU76_151_L001_R2_001.fastq.gz		ftp.sra.ebi.ac.uk/vol1/err/ERR138/059/ERR13828059/ERR13828059.bam
ERR13828060	SAMEA116143061	ERX13230826	PRJEB61942	9606	Homo sapiens	9a385dff0b987ad1d0d8dd48f1c0310e;ac748ab75a8b45ba2306859421edfa5a	ftp.sra.ebi.ac.uk/vol1/fastq/ERR138/060/ERR13828060/ERR13828060_1.fastq.gz;ftp.sra.ebi.ac.uk/vol1/fastq/ERR138/060/ERR13828060/ERR13828060_2.fastq.gz	ftp.sra.ebi.ac.uk/vol1/run/ERR138/ERR13828060/GU77_152_L001_R1_001.fastq.gz;ftp.sra.ebi.ac.uk/vol1/run/ERR138/ERR13828060/GU77_153_L001_R2_001.fastq.gz		ftp.sra.ebi.ac.uk/vol1/err/ERR138/060/ERR13828060/ERR13828060.bam
ERR13828061	SAMEA116143062	ERX13230827	PRJEB61942	9606	Homo sapiens	9f0759d88e1c0fd588dc78c3756e3419;f04e309eedbf09c0f645205650292de6	ftp.sra.ebi.ac.uk/vol1/fastq/ERR138/061/ERR13828061/ERR13828061_1.fastq.gz;ftp.sra.ebi.ac.uk/vol1/fastq/ERR138/061/ERR13828061/ERR13828061_2.fastq.gz	ftp.sra.ebi.ac.uk/vol1/run/ERR138/ERR13828061/GU78_154_L001_R1_001.fastq.gz;ftp.sra.ebi.ac.uk/vol1/run/ERR138/ERR13828061/GU78_155_L001_R2_001.fastq.gz		ftp.sra.ebi.ac.uk/vol1/err/ERR138/061/ERR13828061/ERR13828061.bam
ERR13828064	SAMEA116143065	ERX13230830	PRJEB61942	9606	Homo sapiens	e4aa78e160c69127d7de81b37259dcaa;1607f96ea41e987fe9fdb60cc32fdc6e	ftp.sra.ebi.ac.uk/vol1/fastq/ERR138/064/ERR13828064/ERR13828064_1.fastq.gz;ftp.sra.ebi.ac.uk/vol1/fastq/ERR138/064/ERR13828064/ERR13828064_2.fastq.gz	ftp.sra.ebi.ac.uk/vol1/run/ERR138/ERR13828064/GU81_160_L001_R1_001.fastq.gz;ftp.sra.ebi.ac.uk/vol1/run/ERR138/ERR13828064/GU81_161_L001_R2_001.fastq.gz		ftp.sra.ebi.ac.uk/vol1/err/ERR138/064/ERR13828064/ERR13828064.bam
ERR13828066	SAMEA116143067	ERX13230832	PRJEB61942	9606	Homo sapiens	db3f7db1e69f90933fa1633d70185703;867ebfde729f05dc2890b7b69e59108e	ftp.sra.ebi.ac.uk/vol1/fastq/ERR138/066/ERR13828066/ERR13828066_1.fastq.gz;ftp.sra.ebi.ac.uk/vol1/fastq/ERR138/066/ERR13828066/ERR13828066_2.fastq.gz	ftp.sra.ebi.ac.uk/vol1/run/ERR138/ERR13828066/GU83_164_L001_R1_001.fastq.gz;ftp.sra.ebi.ac.uk/vol1/run/ERR138/ERR13828066/GU83_165_L001_R2_001.fastq.gz		ftp.sra.ebi.ac.uk/vol1/err/ERR138/066/ERR13828066/ERR13828066.bam
ERR13828067	SAMEA116143068	ERX13230833	PRJEB61942	9606	Homo sapiens	f43075b9a5f866c23eea99ed48d6dab7;3f2f5a55e1aa20658349bb35dfedbe9c	ftp.sra.ebi.ac.uk/vol1/fastq/ERR138/067/ERR13828067/ERR13828067_1.fastq.gz;ftp.sra.ebi.ac.uk/vol1/fastq/ERR138/067/ERR13828067/ERR13828067_2.fastq.gz	ftp.sra.ebi.ac.uk/vol1/run/ERR138/ERR13828067/GU84_166_L001_R1_001.fastq.gz;ftp.sra.ebi.ac.uk/vol1/run/ERR138/ERR13828067/GU84_167_L001_R2_001.fastq.gz		ftp.sra.ebi.ac.uk/vol1/err/ERR138/067/ERR13828067/ERR13828067.bam
ERR13828069	SAMEA116143070	ERX13230835	PRJEB61942	9606	Homo sapiens	53ca7de3bb87cd0ae36a6c8f3a886e09;3ff0f33c23d84f10444c629782fb2d1c	ftp.sra.ebi.ac.uk/vol1/fastq/ERR138/069/ERR13828069/ERR13828069_1.fastq.gz;ftp.sra.ebi.ac.uk/vol1/fastq/ERR138/069/ERR13828069/ERR13828069_2.fastq.gz	ftp.sra.ebi.ac.uk/vol1/run/ERR138/ERR13828069/GU86_170_L001_R1_001.fastq.gz;ftp.sra.ebi.ac.uk/vol1/run/ERR138/ERR13828069/GU86_171_L001_R2_001.fastq.gz		ftp.sra.ebi.ac.uk/vol1/err/ERR138/069/ERR13828069/ERR13828069.bam
ERR13827980	SAMEA116142981	ERX13230746	PRJEB61942	9606	Homo sapiens	65f42da6fba0a06b2cf595e1d6a8cb85;65eafd12bf7c8908ccc49f92b6ac5466	ftp.sra.ebi.ac.uk/vol1/fastq/ERR138/080/ERR13827980/ERR13827980_1.fastq.gz;ftp.sra.ebi.ac.uk/vol1/fastq/ERR138/080/ERR13827980/ERR13827980_2.fastq.gz	ftp.sra.ebi.ac.uk/vol1/run/ERR138/ERR13827980/11629_19_L001_R2_001.fastq.gz;ftp.sra.ebi.ac.uk/vol1/run/ERR138/ERR13827980/11629_4_L001_R1_001.fastq.gz		ftp.sra.ebi.ac.uk/vol1/err/ERR138/080/ERR13827980/ERR13827980.bam
ERR13827986	SAMEA116142987	ERX13230752	PRJEB61942	9606	Homo sapiens	e67b5b383c9fcc28ecc8f537d15c01bd;edca360ccc76fb9aad04768968682125	ftp.sra.ebi.ac.uk/vol1/fastq/ERR138/086/ERR13827986/ERR13827986_1.fastq.gz;ftp.sra.ebi.ac.uk/vol1/fastq/ERR138/086/ERR13827986/ERR13827986_2.fastq.gz	ftp.sra.ebi.ac.uk/vol1/run/ERR138/ERR13827986/21635_10_L001_R1_001.fastq.gz;ftp.sra.ebi.ac.uk/vol1/run/ERR138/ERR13827986/21635_25_L001_R2_001.fastq.gz		ftp.sra.ebi.ac.uk/vol1/err/ERR138/086/ERR13827986/ERR13827986.bam
ERR13827987	SAMEA116142988	ERX13230753	PRJEB61942	9606	Homo sapiens	52b946a3ed98df0af6523c3c5300177a;75da16f989f23717ee1544da26fc34ae	ftp.sra.ebi.ac.uk/vol1/fastq/ERR138/087/ERR13827987/ERR13827987_1.fastq.gz;ftp.sra.ebi.ac.uk/vol1/fastq/ERR138/087/ERR13827987/ERR13827987_2.fastq.gz	ftp.sra.ebi.ac.uk/vol1/run/ERR138/ERR13827987/41605_11_L001_R1_001.fastq.gz;ftp.sra.ebi.ac.uk/vol1/run/ERR138/ERR13827987/41605_26_L001_R2_001.fastq.gz		ftp.sra.ebi.ac.uk/vol1/err/ERR138/087/ERR13827987/ERR13827987.bam
ERR13827994	SAMEA116142995	ERX13230760	PRJEB61942	9606	Homo sapiens	dd895eade7cf1fd2945db9feaa2a0afe;a30a7a2452303aeddff5c01f551965bc	ftp.sra.ebi.ac.uk/vol1/fastq/ERR138/094/ERR13827994/ERR13827994_1.fastq.gz;ftp.sra.ebi.ac.uk/vol1/fastq/ERR138/094/ERR13827994/ERR13827994_2.fastq.gz	ftp.sra.ebi.ac.uk/vol1/run/ERR138/ERR13827994/1612_90_L001_R1_001.fastq.gz;ftp.sra.ebi.ac.uk/vol1/run/ERR138/ERR13827994/1612_91_L001_R2_001.fastq.gz		ftp.sra.ebi.ac.uk/vol1/err/ERR138/094/ERR13827994/ERR13827994.bam
ERR13827995	SAMEA116142996	ERX13230761	PRJEB61942	9606	Homo sapiens	53650f92706abea0b6ba4998565c2849;caf21919058789576a261873ada3e9c9	ftp.sra.ebi.ac.uk/vol1/fastq/ERR138/095/ERR13827995/ERR13827995_1.fastq.gz;ftp.sra.ebi.ac.uk/vol1/fastq/ERR138/095/ERR13827995/ERR13827995_2.fastq.gz	ftp.sra.ebi.ac.uk/vol1/run/ERR138/ERR13827995/1616_180_L001_R1_001.fastq.gz;ftp.sra.ebi.ac.uk/vol1/run/ERR138/ERR13827995/1616_181_L001_R2_001.fastq.gz		ftp.sra.ebi.ac.uk/vol1/err/ERR138/095/ERR13827995/ERR13827995.bam
ERR13827981	SAMEA116142982	ERX13230747	PRJEB61942	9606	Homo sapiens	41bca61f16ce2d3c70e0a6e80eddd45b;78bb16d8c585157f196fd83b2464e55a	ftp.sra.ebi.ac.uk/vol1/fastq/ERR138/081/ERR13827981/ERR13827981_1.fastq.gz;ftp.sra.ebi.ac.uk/vol1/fastq/ERR138/081/ERR13827981/ERR13827981_2.fastq.gz	ftp.sra.ebi.ac.uk/vol1/run/ERR138/ERR13827981/11634_20_L001_R2_001.fastq.gz;ftp.sra.ebi.ac.uk/vol1/run/ERR138/ERR13827981/11634_5_L001_R1_001.fastq.gz		ftp.sra.ebi.ac.uk/vol1/err/ERR138/081/ERR13827981/ERR13827981.bam
ERR13827996	SAMEA116142997	ERX13230762	PRJEB61942	9606	Homo sapiens	a6536b3f4052db0fba74a59d9b2c600f;daf3019762e187a7b8e4f07b91b9c23a	ftp.sra.ebi.ac.uk/vol1/fastq/ERR138/096/ERR13827996/ERR13827996_1.fastq.gz;ftp.sra.ebi.ac.uk/vol1/fastq/ERR138/096/ERR13827996/ERR13827996_2.fastq.gz	ftp.sra.ebi.ac.uk/vol1/run/ERR138/ERR13827996/1617_104_L001_R1_001.fastq.gz;ftp.sra.ebi.ac.uk/vol1/run/ERR138/ERR13827996/1617_105_L001_R2_001.fastq.gz		ftp.sra.ebi.ac.uk/vol1/err/ERR138/096/ERR13827996/ERR13827996.bam
ERR13827982	SAMEA116142983	ERX13230748	PRJEB61942	9606	Homo sapiens	0b372dbfcc9a6c5c016b9108e847d901;59b877ef37ad4e2cd57245e104a507a3	ftp.sra.ebi.ac.uk/vol1/fastq/ERR138/082/ERR13827982/ERR13827982_1.fastq.gz;ftp.sra.ebi.ac.uk/vol1/fastq/ERR138/082/ERR13827982/ERR13827982_2.fastq.gz	ftp.sra.ebi.ac.uk/vol1/run/ERR138/ERR13827982/21145_21_L001_R2_001.fastq.gz;ftp.sra.ebi.ac.uk/vol1/run/ERR138/ERR13827982/21145_6_L001_R1_001.fastq.gz		ftp.sra.ebi.ac.uk/vol1/err/ERR138/082/ERR13827982/ERR13827982.bam
ERR13827984	SAMEA116142985	ERX13230750	PRJEB61942	9606	Homo sapiens	f6614e5440f13a3592e9bbfb162142fa;55cac022fec8b279a4984fc193ff63f9	ftp.sra.ebi.ac.uk/vol1/fastq/ERR138/084/ERR13827984/ERR13827984_1.fastq.gz;ftp.sra.ebi.ac.uk/vol1/fastq/ERR138/084/ERR13827984/ERR13827984_2.fastq.gz	ftp.sra.ebi.ac.uk/vol1/run/ERR138/ERR13827984/21602_23_L001_R2_001.fastq.gz;ftp.sra.ebi.ac.uk/vol1/run/ERR138/ERR13827984/21602_8_L001_R1_001.fastq.gz		ftp.sra.ebi.ac.uk/vol1/err/ERR138/084/ERR13827984/ERR13827984.bam
ERR13827997	SAMEA116142998	ERX13230763	PRJEB61942	9606	Homo sapiens	fa0e4d4116ff644b68ba184a91102b32;f7870717165379bcd29076b97302c3bb	ftp.sra.ebi.ac.uk/vol1/fastq/ERR138/097/ERR13827997/ERR13827997_1.fastq.gz;ftp.sra.ebi.ac.uk/vol1/fastq/ERR138/097/ERR13827997/ERR13827997_2.fastq.gz	ftp.sra.ebi.ac.uk/vol1/run/ERR138/ERR13827997/1618_6_L001_R1_001.fastq.gz;ftp.sra.ebi.ac.uk/vol1/run/ERR138/ERR13827997/1618_7_L001_R2_001.fastq.gz		ftp.sra.ebi.ac.uk/vol1/err/ERR138/097/ERR13827997/ERR13827997.bam
ERR13827985	SAMEA116142986	ERX13230751	PRJEB61942	9606	Homo sapiens	b6eb98f46cec9eb78ef143ed3f6944f5;ec0440a5cbff558631fc409951e6471b	ftp.sra.ebi.ac.uk/vol1/fastq/ERR138/085/ERR13827985/ERR13827985_1.fastq.gz;ftp.sra.ebi.ac.uk/vol1/fastq/ERR138/085/ERR13827985/ERR13827985_2.fastq.gz	ftp.sra.ebi.ac.uk/vol1/run/ERR138/ERR13827985/21628_24_L001_R2_001.fastq.gz;ftp.sra.ebi.ac.uk/vol1/run/ERR138/ERR13827985/21628_9_L001_R1_001.fastq.gz		ftp.sra.ebi.ac.uk/vol1/err/ERR138/085/ERR13827985/ERR13827985.bam
ERR13827988	SAMEA116142989	ERX13230754	PRJEB61942	9606	Homo sapiens	bfe045c67e38c6f2fc34bd6bad0ae629;a683a4e3a33ea5a9f6e39bfaf6c898d8	ftp.sra.ebi.ac.uk/vol1/fastq/ERR138/088/ERR13827988/ERR13827988_1.fastq.gz;ftp.sra.ebi.ac.uk/vol1/fastq/ERR138/088/ERR13827988/ERR13827988_2.fastq.gz	ftp.sra.ebi.ac.uk/vol1/run/ERR138/ERR13827988/41613_12_L001_R1_001.fastq.gz;ftp.sra.ebi.ac.uk/vol1/run/ERR138/ERR13827988/41613_27_L001_R2_001.fastq.gz		ftp.sra.ebi.ac.uk/vol1/err/ERR138/088/ERR13827988/ERR13827988.bam
ERR13828003	SAMEA116143004	ERX13230769	PRJEB61942	9606	Homo sapiens	61f800feba5c0fde3d0398ac0c83a02d;ae4102d1209c54388af13d1c26fce152	ftp.sra.ebi.ac.uk/vol1/fastq/ERR138/003/ERR13828003/ERR13828003_1.fastq.gz;ftp.sra.ebi.ac.uk/vol1/fastq/ERR138/003/ERR13828003/ERR13828003_2.fastq.gz	ftp.sra.ebi.ac.uk/vol1/run/ERR138/ERR13828003/1630_136_L001_R1_001.fastq.gz;ftp.sra.ebi.ac.uk/vol1/run/ERR138/ERR13828003/1630_137_L001_R2_001.fastq.gz		ftp.sra.ebi.ac.uk/vol1/err/ERR138/003/ERR13828003/ERR13828003.bam
ERR13827989	SAMEA116142990	ERX13230755	PRJEB61942	9606	Homo sapiens	fd4a97cb2cc00a402151124d626ef25e;399021276eda5370ebabfdf1dadd4a87	ftp.sra.ebi.ac.uk/vol1/fastq/ERR138/089/ERR13827989/ERR13827989_1.fastq.gz;ftp.sra.ebi.ac.uk/vol1/fastq/ERR138/089/ERR13827989/ERR13827989_2.fastq.gz	ftp.sra.ebi.ac.uk/vol1/run/ERR138/ERR13827989/41623_13_L001_R1_001.fastq.gz;ftp.sra.ebi.ac.uk/vol1/run/ERR138/ERR13827989/41623_28_L001_R2_001.fastq.gz		ftp.sra.ebi.ac.uk/vol1/err/ERR138/089/ERR13827989/ERR13827989.bam
ERR13828006	SAMEA116143007	ERX13230772	PRJEB61942	9606	Homo sapiens	bbe6b9a8b69e42def18d032df38ed73f;324289507a233cb3cbfd3a5bba05149f	ftp.sra.ebi.ac.uk/vol1/fastq/ERR138/006/ERR13828006/ERR13828006_1.fastq.gz;ftp.sra.ebi.ac.uk/vol1/fastq/ERR138/006/ERR13828006/ERR13828006_2.fastq.gz	ftp.sra.ebi.ac.uk/vol1/run/ERR138/ERR13828006/1637_152_L001_R1_001.fastq.gz;ftp.sra.ebi.ac.uk/vol1/run/ERR138/ERR13828006/1637_153_L001_R2_001.fastq.gz		ftp.sra.ebi.ac.uk/vol1/err/ERR138/006/ERR13828006/ERR13828006.bam
ERR13827991	SAMEA116142992	ERX13230757	PRJEB61942	9606	Homo sapiens	8a9ddf01bb1eb088881b39b344a6251d;f4fb9486d4d4c6e58cf75b47801249cc	ftp.sra.ebi.ac.uk/vol1/fastq/ERR138/091/ERR13827991/ERR13827991_1.fastq.gz;ftp.sra.ebi.ac.uk/vol1/fastq/ERR138/091/ERR13827991/ERR13827991_2.fastq.gz	ftp.sra.ebi.ac.uk/vol1/run/ERR138/ERR13827991/1606_164_L001_R1_001.fastq.gz;ftp.sra.ebi.ac.uk/vol1/run/ERR138/ERR13827991/1606_165_L001_R2_001.fastq.gz		ftp.sra.ebi.ac.uk/vol1/err/ERR138/091/ERR13827991/ERR13827991.bam
ERR13828007	SAMEA116143008	ERX13230773	PRJEB61942	9606	Homo sapiens	69d3c46c6d9d2f7269b899d65c7249f3;b89b51ece3abfd3e6886e0a6bbc489fa	ftp.sra.ebi.ac.uk/vol1/fastq/ERR138/007/ERR13828007/ERR13828007_1.fastq.gz;ftp.sra.ebi.ac.uk/vol1/fastq/ERR138/007/ERR13828007/ERR13828007_2.fastq.gz	ftp.sra.ebi.ac.uk/vol1/run/ERR138/ERR13828007/1641_170_L001_R1_001.fastq.gz;ftp.sra.ebi.ac.uk/vol1/run/ERR138/ERR13828007/1641_171_L001_R2_001.fastq.gz		ftp.sra.ebi.ac.uk/vol1/err/ERR138/007/ERR13828007/ERR13828007.bam
ERR13827992	SAMEA116142993	ERX13230758	PRJEB61942	9606	Homo sapiens	d36e33345420a6890544f86e75655274;00736d74983e441f3cbc21bb62b4f5ab	ftp.sra.ebi.ac.uk/vol1/fastq/ERR138/092/ERR13827992/ERR13827992_1.fastq.gz;ftp.sra.ebi.ac.uk/vol1/fastq/ERR138/092/ERR13827992/ERR13827992_2.fastq.gz	ftp.sra.ebi.ac.uk/vol1/run/ERR138/ERR13827992/1608_88_L001_R1_001.fastq.gz;ftp.sra.ebi.ac.uk/vol1/run/ERR138/ERR13827992/1608_89_L001_R2_001.fastq.gz		ftp.sra.ebi.ac.uk/vol1/err/ERR138/092/ERR13827992/ERR13827992.bam
ERR13828009	SAMEA116143010	ERX13230775	PRJEB61942	9606	Homo sapiens	1a194784fdf77e8f9dadfa152b63a816;1d808b113ad8b6b444db233395ae9947	ftp.sra.ebi.ac.uk/vol1/fastq/ERR138/009/ERR13828009/ERR13828009_1.fastq.gz;ftp.sra.ebi.ac.uk/vol1/fastq/ERR138/009/ERR13828009/ERR13828009_2.fastq.gz	ftp.sra.ebi.ac.uk/vol1/run/ERR138/ERR13828009/1648_186_L001_R1_001.fastq.gz;ftp.sra.ebi.ac.uk/vol1/run/ERR138/ERR13828009/1648_187_L001_R2_001.fastq.gz		ftp.sra.ebi.ac.uk/vol1/err/ERR138/009/ERR13828009/ERR13828009.bam
ERR13827999	SAMEA116143000	ERX13230765	PRJEB61942	9606	Homo sapiens	a5040baa08d86429c27413d1cdceed93;cb7a1c9e4a4c60a9aefc0643dc8dc9bc	ftp.sra.ebi.ac.uk/vol1/fastq/ERR138/099/ERR13827999/ERR13827999_1.fastq.gz;ftp.sra.ebi.ac.uk/vol1/fastq/ERR138/099/ERR13827999/ERR13827999_2.fastq.gz	ftp.sra.ebi.ac.uk/vol1/run/ERR138/ERR13827999/1620_106_L001_R1_001.fastq.gz;ftp.sra.ebi.ac.uk/vol1/run/ERR138/ERR13827999/1620_107_L001_R2_001.fastq.gz		ftp.sra.ebi.ac.uk/vol1/err/ERR138/099/ERR13827999/ERR13827999.bam
ERR13828011	SAMEA116143012	ERX13230777	PRJEB61942	9606	Homo sapiens	cb813ab514cf4ce0b3481a02baa5ec18;d6b5691fc364f92b8a837a46a8c8da4d	ftp.sra.ebi.ac.uk/vol1/fastq/ERR138/011/ERR13828011/ERR13828011_1.fastq.gz;ftp.sra.ebi.ac.uk/vol1/fastq/ERR138/011/ERR13828011/ERR13828011_2.fastq.gz	ftp.sra.ebi.ac.uk/vol1/run/ERR138/ERR13828011/1653_92_L001_R1_001.fastq.gz;ftp.sra.ebi.ac.uk/vol1/run/ERR138/ERR13828011/1653_93_L001_R2_001.fastq.gz		ftp.sra.ebi.ac.uk/vol1/err/ERR138/011/ERR13828011/ERR13828011.bam
ERR13828000	SAMEA116143001	ERX13230766	PRJEB61942	9606	Homo sapiens	970c4289df20b3301bb95cbbd6fe614d;8828b26ee0c007ba0f003e5cb20fe8f5	ftp.sra.ebi.ac.uk/vol1/fastq/ERR138/000/ERR13828000/ERR13828000_1.fastq.gz;ftp.sra.ebi.ac.uk/vol1/fastq/ERR138/000/ERR13828000/ERR13828000_2.fastq.gz	ftp.sra.ebi.ac.uk/vol1/run/ERR138/ERR13828000/1621_182_L001_R1_001.fastq.gz;ftp.sra.ebi.ac.uk/vol1/run/ERR138/ERR13828000/1621_183_L001_R2_001.fastq.gz		ftp.sra.ebi.ac.uk/vol1/err/ERR138/000/ERR13828000/ERR13828000.bam
ERR13828013	SAMEA116143014	ERX13230779	PRJEB61942	9606	Homo sapiens	1f5c493aea97b6534b06df32f6f7cec1;f37a2d850396ac72983904ad2961d025	ftp.sra.ebi.ac.uk/vol1/fastq/ERR138/013/ERR13828013/ERR13828013_1.fastq.gz;ftp.sra.ebi.ac.uk/vol1/fastq/ERR138/013/ERR13828013/ERR13828013_2.fastq.gz	ftp.sra.ebi.ac.uk/vol1/run/ERR138/ERR13828013/1669_12_L001_R1_001.fastq.gz;ftp.sra.ebi.ac.uk/vol1/run/ERR138/ERR13828013/1669_13_L001_R2_001.fastq.gz		ftp.sra.ebi.ac.uk/vol1/err/ERR138/013/ERR13828013/ERR13828013.bam
ERR13828001	SAMEA116143002	ERX13230767	PRJEB61942	9606	Homo sapiens	d161916440233bed998da5a7f0bea641;d7ba794adcdea876312db2327578865e	ftp.sra.ebi.ac.uk/vol1/fastq/ERR138/001/ERR13828001/ERR13828001_1.fastq.gz;ftp.sra.ebi.ac.uk/vol1/fastq/ERR138/001/ERR13828001/ERR13828001_2.fastq.gz	ftp.sra.ebi.ac.uk/vol1/run/ERR138/ERR13828001/1626_22_L001_R1_001.fastq.gz;ftp.sra.ebi.ac.uk/vol1/run/ERR138/ERR13828001/1626_23_L001_R2_001.fastq.gz		ftp.sra.ebi.ac.uk/vol1/err/ERR138/001/ERR13828001/ERR13828001.bam
ERR13828030	SAMEA116143031	ERX13230796	PRJEB61942	9606	Homo sapiens	78744cf1e0b5a5a5d33b46485d76d73e;1af640d62574cd52874d8936ed58acdf	ftp.sra.ebi.ac.uk/vol1/fastq/ERR138/030/ERR13828030/ERR13828030_1.fastq.gz;ftp.sra.ebi.ac.uk/vol1/fastq/ERR138/030/ERR13828030/ERR13828030_2.fastq.gz	ftp.sra.ebi.ac.uk/vol1/run/ERR138/ERR13828030/GU37_72_L001_R1_001.fastq.gz;ftp.sra.ebi.ac.uk/vol1/run/ERR138/ERR13828030/GU37_73_L001_R2_001.fastq.gz		ftp.sra.ebi.ac.uk/vol1/err/ERR138/030/ERR13828030/ERR13828030.bam
ERR13828002	SAMEA116143003	ERX13230768	PRJEB61942	9606	Homo sapiens	17bf0a9555d39c82a034d48173c98fa4;f535721eccd60dfbb33e501d2f63a5ea	ftp.sra.ebi.ac.uk/vol1/fastq/ERR138/002/ERR13828002/ERR13828002_1.fastq.gz;ftp.sra.ebi.ac.uk/vol1/fastq/ERR138/002/ERR13828002/ERR13828002_2.fastq.gz	ftp.sra.ebi.ac.uk/vol1/run/ERR138/ERR13828002/1627_120_L001_R1_001.fastq.gz;ftp.sra.ebi.ac.uk/vol1/run/ERR138/ERR13828002/1627_121_L001_R2_001.fastq.gz		ftp.sra.ebi.ac.uk/vol1/err/ERR138/002/ERR13828002/ERR13828002.bam
ERR13828034	SAMEA116143035	ERX13230800	PRJEB61942	9606	Homo sapiens	c270a2dcd5ac8d810e5b03c25c95ca0e;3ff5f11162e0ba38ae1751bba1226bbd	ftp.sra.ebi.ac.uk/vol1/fastq/ERR138/034/ERR13828034/ERR13828034_1.fastq.gz;ftp.sra.ebi.ac.uk/vol1/fastq/ERR138/034/ERR13828034/ERR13828034_2.fastq.gz	ftp.sra.ebi.ac.uk/vol1/run/ERR138/ERR13828034/GU41_80_L001_R1_001.fastq.gz;ftp.sra.ebi.ac.uk/vol1/run/ERR138/ERR13828034/GU41_81_L001_R2_001.fastq.gz		ftp.sra.ebi.ac.uk/vol1/err/ERR138/034/ERR13828034/ERR13828034.bam
ERR13828046	SAMEA116143047	ERX13230812	PRJEB61942	9606	Homo sapiens	2c585e041d5c5243fefc68a60e8c4957;ba4b62c5eab434ec929edcdb9d627f0e	ftp.sra.ebi.ac.uk/vol1/fastq/ERR138/046/ERR13828046/ERR13828046_1.fastq.gz;ftp.sra.ebi.ac.uk/vol1/fastq/ERR138/046/ERR13828046/ERR13828046_2.fastq.gz	ftp.sra.ebi.ac.uk/vol1/run/ERR138/ERR13828046/GU60_118_L001_R1_001.fastq.gz;ftp.sra.ebi.ac.uk/vol1/run/ERR138/ERR13828046/GU60_119_L001_R2_001.fastq.gz		ftp.sra.ebi.ac.uk/vol1/err/ERR138/046/ERR13828046/ERR13828046.bam
ERR13828008	SAMEA116143009	ERX13230774	PRJEB61942	9606	Homo sapiens	682726d1c43fc6b38dc10fb33ad91417;3c8abbe2d66dd4d2733d236b7bb18656	ftp.sra.ebi.ac.uk/vol1/fastq/ERR138/008/ERR13828008/ERR13828008_1.fastq.gz;ftp.sra.ebi.ac.uk/vol1/fastq/ERR138/008/ERR13828008/ERR13828008_2.fastq.gz	ftp.sra.ebi.ac.uk/vol1/run/ERR138/ERR13828008/1646_96_L001_R1_001.fastq.gz;ftp.sra.ebi.ac.uk/vol1/run/ERR138/ERR13828008/1646_97_L001_R2_001.fastq.gz		ftp.sra.ebi.ac.uk/vol1/err/ERR138/008/ERR13828008/ERR13828008.bam
ERR13828048	SAMEA116143049	ERX13230814	PRJEB61942	9606	Homo sapiens	fbbcb75c379f3641281dfcb78c35b66b;6811fa5737645bd20768aa1f150bd83e	ftp.sra.ebi.ac.uk/vol1/fastq/ERR138/048/ERR13828048/ERR13828048_1.fastq.gz;ftp.sra.ebi.ac.uk/vol1/fastq/ERR138/048/ERR13828048/ERR13828048_2.fastq.gz	ftp.sra.ebi.ac.uk/vol1/run/ERR138/ERR13828048/GU62_122_L001_R1_001.fastq.gz;ftp.sra.ebi.ac.uk/vol1/run/ERR138/ERR13828048/GU62_123_L001_R2_001.fastq.gz		ftp.sra.ebi.ac.uk/vol1/err/ERR138/048/ERR13828048/ERR13828048.bam
ERR13828053	SAMEA116143054	ERX13230819	PRJEB61942	9606	Homo sapiens	66b3996094b2ce1c9eff468cdca95109;993d6a37fb5a6c39f9aa1fceb97a486e	ftp.sra.ebi.ac.uk/vol1/fastq/ERR138/053/ERR13828053/ERR13828053_1.fastq.gz;ftp.sra.ebi.ac.uk/vol1/fastq/ERR138/053/ERR13828053/ERR13828053_2.fastq.gz	ftp.sra.ebi.ac.uk/vol1/run/ERR138/ERR13828053/GU70_138_L001_R1_001.fastq.gz;ftp.sra.ebi.ac.uk/vol1/run/ERR138/ERR13828053/GU70_139_L001_R2_001.fastq.gz		ftp.sra.ebi.ac.uk/vol1/err/ERR138/053/ERR13828053/ERR13828053.bam
ERR13828012	SAMEA116143013	ERX13230778	PRJEB61942	9606	Homo sapiens	6da92c49bed949dbc2d16914ac78e595;41d99fbd5261f847409c902ff996bab8	ftp.sra.ebi.ac.uk/vol1/fastq/ERR138/012/ERR13828012/ERR13828012_1.fastq.gz;ftp.sra.ebi.ac.uk/vol1/fastq/ERR138/012/ERR13828012/ERR13828012_2.fastq.gz	ftp.sra.ebi.ac.uk/vol1/run/ERR138/ERR13828012/1668_24_L001_R1_001.fastq.gz;ftp.sra.ebi.ac.uk/vol1/run/ERR138/ERR13828012/1668_25_L001_R2_001.fastq.gz		ftp.sra.ebi.ac.uk/vol1/err/ERR138/012/ERR13828012/ERR13828012.bam
ERR13828058	SAMEA116143059	ERX13230824	PRJEB61942	9606	Homo sapiens	e9ae6d65aaa67eeb8435ad09ac919657;132cc9afbfa97e5f9cacc454648fde6e	ftp.sra.ebi.ac.uk/vol1/fastq/ERR138/058/ERR13828058/ERR13828058_1.fastq.gz;ftp.sra.ebi.ac.uk/vol1/fastq/ERR138/058/ERR13828058/ERR13828058_2.fastq.gz	ftp.sra.ebi.ac.uk/vol1/run/ERR138/ERR13828058/GU75_148_L001_R1_001.fastq.gz;ftp.sra.ebi.ac.uk/vol1/run/ERR138/ERR13828058/GU75_149_L001_R2_001.fastq.gz		ftp.sra.ebi.ac.uk/vol1/err/ERR138/058/ERR13828058/ERR13828058.bam
ERR13828065	SAMEA116143066	ERX13230831	PRJEB61942	9606	Homo sapiens	074577758a5be085a0e16cb3341bfb8c;5132bbf9c2cc2486f289b75fc8b6a47e	ftp.sra.ebi.ac.uk/vol1/fastq/ERR138/065/ERR13828065/ERR13828065_1.fastq.gz;ftp.sra.ebi.ac.uk/vol1/fastq/ERR138/065/ERR13828065/ERR13828065_2.fastq.gz	ftp.sra.ebi.ac.uk/vol1/run/ERR138/ERR13828065/GU82_162_L001_R1_001.fastq.gz;ftp.sra.ebi.ac.uk/vol1/run/ERR138/ERR13828065/GU82_163_L001_R2_001.fastq.gz		ftp.sra.ebi.ac.uk/vol1/err/ERR138/065/ERR13828065/ERR13828065.bam
ERR13828014	SAMEA116143015	ERX13230780	PRJEB61942	9606	Homo sapiens	599155c3c9c74d9c040b82a55155c079;68d6eed7e10beac168f91bd55af72a67	ftp.sra.ebi.ac.uk/vol1/fastq/ERR138/014/ERR13828014/ERR13828014_1.fastq.gz;ftp.sra.ebi.ac.uk/vol1/fastq/ERR138/014/ERR13828014/ERR13828014_2.fastq.gz	ftp.sra.ebi.ac.uk/vol1/run/ERR138/ERR13828014/1670_112_L001_R1_001.fastq.gz;ftp.sra.ebi.ac.uk/vol1/run/ERR138/ERR13828014/1670_113_L001_R2_001.fastq.gz		ftp.sra.ebi.ac.uk/vol1/err/ERR138/014/ERR13828014/ERR13828014.bam
ERR13828015	SAMEA116143016	ERX13230781	PRJEB61942	9606	Homo sapiens	fef98bdc9ff89de0dba3f3f39baf5832;63f276eee6234021d6bea61193b5fe7f	ftp.sra.ebi.ac.uk/vol1/fastq/ERR138/015/ERR13828015/ERR13828015_1.fastq.gz;ftp.sra.ebi.ac.uk/vol1/fastq/ERR138/015/ERR13828015/ERR13828015_2.fastq.gz	ftp.sra.ebi.ac.uk/vol1/run/ERR138/ERR13828015/1672_34_L001_R1_001.fastq.gz;ftp.sra.ebi.ac.uk/vol1/run/ERR138/ERR13828015/1672_35_L001_R2_001.fastq.gz		ftp.sra.ebi.ac.uk/vol1/err/ERR138/015/ERR13828015/ERR13828015.bam
ERR13828017	SAMEA116143018	ERX13230783	PRJEB61942	9606	Homo sapiens	37aa9cc7457543c3ec9fdb7064b99a78;b8f6b3067c5e98d0b0cab185747f7602	ftp.sra.ebi.ac.uk/vol1/fastq/ERR138/017/ERR13828017/ERR13828017_1.fastq.gz;ftp.sra.ebi.ac.uk/vol1/fastq/ERR138/017/ERR13828017/ERR13828017_2.fastq.gz	ftp.sra.ebi.ac.uk/vol1/run/ERR138/ERR13828017/1674_28_L001_R1_001.fastq.gz;ftp.sra.ebi.ac.uk/vol1/run/ERR138/ERR13828017/1674_29_L001_R2_001.fastq.gz		ftp.sra.ebi.ac.uk/vol1/err/ERR138/017/ERR13828017/ERR13828017.bam
ERR13828018	SAMEA116143019	ERX13230784	PRJEB61942	9606	Homo sapiens	7fec628e41fef0c4d2be14e8cf49c58a;11479a2b05f0ff631d3488392035d984	ftp.sra.ebi.ac.uk/vol1/fastq/ERR138/018/ERR13828018/ERR13828018_1.fastq.gz;ftp.sra.ebi.ac.uk/vol1/fastq/ERR138/018/ERR13828018/ERR13828018_2.fastq.gz	ftp.sra.ebi.ac.uk/vol1/run/ERR138/ERR13828018/1677_56_L001_R1_001.fastq.gz;ftp.sra.ebi.ac.uk/vol1/run/ERR138/ERR13828018/1677_57_L001_R2_001.fastq.gz		ftp.sra.ebi.ac.uk/vol1/err/ERR138/018/ERR13828018/ERR13828018.bam
ERR13828020	SAMEA116143021	ERX13230786	PRJEB61942	9606	Homo sapiens	cb4c24237c29d2786fc176a78cdf5345;0f2953bc8a136d2f441b30e305fd73be	ftp.sra.ebi.ac.uk/vol1/fastq/ERR138/020/ERR13828020/ERR13828020_1.fastq.gz;ftp.sra.ebi.ac.uk/vol1/fastq/ERR138/020/ERR13828020/ERR13828020_2.fastq.gz	ftp.sra.ebi.ac.uk/vol1/run/ERR138/ERR13828020/1681_50_L001_R1_001.fastq.gz;ftp.sra.ebi.ac.uk/vol1/run/ERR138/ERR13828020/1681_51_L001_R2_001.fastq.gz		ftp.sra.ebi.ac.uk/vol1/err/ERR138/020/ERR13828020/ERR13828020.bam
ERR13828021	SAMEA116143022	ERX13230787	PRJEB61942	9606	Homo sapiens	8d6ec44b1ff6c5113a4c14ab780ec451;d0f6ea0dcd0ec5fab6f52ed829ee4563	ftp.sra.ebi.ac.uk/vol1/fastq/ERR138/021/ERR13828021/ERR13828021_1.fastq.gz;ftp.sra.ebi.ac.uk/vol1/fastq/ERR138/021/ERR13828021/ERR13828021_2.fastq.gz	ftp.sra.ebi.ac.uk/vol1/run/ERR138/ERR13828021/1682_128_L001_R1_001.fastq.gz;ftp.sra.ebi.ac.uk/vol1/run/ERR138/ERR13828021/1682_129_L001_R2_001.fastq.gz		ftp.sra.ebi.ac.uk/vol1/err/ERR138/021/ERR13828021/ERR13828021.bam
ERR13828024	SAMEA116143025	ERX13230790	PRJEB61942	9606	Homo sapiens	0111287a97c0fe1565849f16df479e02;a180d0000ce1e86d36f96e05e69b644b	ftp.sra.ebi.ac.uk/vol1/fastq/ERR138/024/ERR13828024/ERR13828024_1.fastq.gz;ftp.sra.ebi.ac.uk/vol1/fastq/ERR138/024/ERR13828024/ERR13828024_2.fastq.gz	ftp.sra.ebi.ac.uk/vol1/run/ERR138/ERR13828024/1690_148_L001_R1_001.fastq.gz;ftp.sra.ebi.ac.uk/vol1/run/ERR138/ERR13828024/1690_149_L001_R2_001.fastq.gz		ftp.sra.ebi.ac.uk/vol1/err/ERR138/024/ERR13828024/ERR13828024.bam
ERR13828029	SAMEA116143030	ERX13230795	PRJEB61942	9606	Homo sapiens	8a30b8763935a1ec7e2f972944832f1f;b4398206c1771117f9e61a217efa2ea4	ftp.sra.ebi.ac.uk/vol1/fastq/ERR138/029/ERR13828029/ERR13828029_1.fastq.gz;ftp.sra.ebi.ac.uk/vol1/fastq/ERR138/029/ERR13828029/ERR13828029_2.fastq.gz	ftp.sra.ebi.ac.uk/vol1/run/ERR138/ERR13828029/2029_52_L001_R1_001.fastq.gz;ftp.sra.ebi.ac.uk/vol1/run/ERR138/ERR13828029/2029_53_L001_R2_001.fastq.gz		ftp.sra.ebi.ac.uk/vol1/err/ERR138/029/ERR13828029/ERR13828029.bam
ERR13828031	SAMEA116143032	ERX13230797	PRJEB61942	9606	Homo sapiens	a0260fe39254e474a7f5c0123d2f45c8;eb56523b9b26389323cfc3ba268fd637	ftp.sra.ebi.ac.uk/vol1/fastq/ERR138/031/ERR13828031/ERR13828031_1.fastq.gz;ftp.sra.ebi.ac.uk/vol1/fastq/ERR138/031/ERR13828031/ERR13828031_2.fastq.gz	ftp.sra.ebi.ac.uk/vol1/run/ERR138/ERR13828031/GU38_74_L001_R1_001.fastq.gz;ftp.sra.ebi.ac.uk/vol1/run/ERR138/ERR13828031/GU38_75_L001_R2_001.fastq.gz		ftp.sra.ebi.ac.uk/vol1/err/ERR138/031/ERR13828031/ERR13828031.bam
ERR13828033	SAMEA116143034	ERX13230799	PRJEB61942	9606	Homo sapiens	693cee7b0a50cbcab42cbf695870d59e;a9dccaf6be3077f72435a6f3db082032	ftp.sra.ebi.ac.uk/vol1/fastq/ERR138/033/ERR13828033/ERR13828033_1.fastq.gz;ftp.sra.ebi.ac.uk/vol1/fastq/ERR138/033/ERR13828033/ERR13828033_2.fastq.gz	ftp.sra.ebi.ac.uk/vol1/run/ERR138/ERR13828033/GU40_78_L001_R1_001.fastq.gz;ftp.sra.ebi.ac.uk/vol1/run/ERR138/ERR13828033/GU40_79_L001_R2_001.fastq.gz		ftp.sra.ebi.ac.uk/vol1/err/ERR138/033/ERR13828033/ERR13828033.bam
ERR13828037	SAMEA116143038	ERX13230803	PRJEB61942	9606	Homo sapiens	b4ffd709cdba4dd8ded2d3268b0ae986;ae6f2831c039445e2a4566f323bad0f6	ftp.sra.ebi.ac.uk/vol1/fastq/ERR138/037/ERR13828037/ERR13828037_1.fastq.gz;ftp.sra.ebi.ac.uk/vol1/fastq/ERR138/037/ERR13828037/ERR13828037_2.fastq.gz	ftp.sra.ebi.ac.uk/vol1/run/ERR138/ERR13828037/GU48_94_L001_R1_001.fastq.gz;ftp.sra.ebi.ac.uk/vol1/run/ERR138/ERR13828037/GU48_95_L001_R2_001.fastq.gz		ftp.sra.ebi.ac.uk/vol1/err/ERR138/037/ERR13828037/ERR13828037.bam
ERR13828038	SAMEA116143039	ERX13230804	PRJEB61942	9606	Homo sapiens	75a8c5fcc978cd30f86df2f368c82805;cdca9a19d0652811b9d84d4bb1480f2a	ftp.sra.ebi.ac.uk/vol1/fastq/ERR138/038/ERR13828038/ERR13828038_1.fastq.gz;ftp.sra.ebi.ac.uk/vol1/fastq/ERR138/038/ERR13828038/ERR13828038_2.fastq.gz	ftp.sra.ebi.ac.uk/vol1/run/ERR138/ERR13828038/GU49_96_L001_R1_001.fastq.gz;ftp.sra.ebi.ac.uk/vol1/run/ERR138/ERR13828038/GU49_97_L001_R2_001.fastq.gz		ftp.sra.ebi.ac.uk/vol1/err/ERR138/038/ERR13828038/ERR13828038.bam
ERR13828039	SAMEA116143040	ERX13230805	PRJEB61942	9606	Homo sapiens	5dfe83a05270507ff5f2d1111c83fdf3;e279e44f783ccdb4c8356146ec861efa	ftp.sra.ebi.ac.uk/vol1/fastq/ERR138/039/ERR13828039/ERR13828039_1.fastq.gz;ftp.sra.ebi.ac.uk/vol1/fastq/ERR138/039/ERR13828039/ERR13828039_2.fastq.gz	ftp.sra.ebi.ac.uk/vol1/run/ERR138/ERR13828039/GU50_98_L001_R1_001.fastq.gz;ftp.sra.ebi.ac.uk/vol1/run/ERR138/ERR13828039/GU50_99_L001_R2_001.fastq.gz		ftp.sra.ebi.ac.uk/vol1/err/ERR138/039/ERR13828039/ERR13828039.bam
ERR13828040	SAMEA116143041	ERX13230806	PRJEB61942	9606	Homo sapiens	16180180b7ec750c2af6dc006f4512c8;67ca7d0d9734da353c8d59c061fd95cf	ftp.sra.ebi.ac.uk/vol1/fastq/ERR138/040/ERR13828040/ERR13828040_1.fastq.gz;ftp.sra.ebi.ac.uk/vol1/fastq/ERR138/040/ERR13828040/ERR13828040_2.fastq.gz	ftp.sra.ebi.ac.uk/vol1/run/ERR138/ERR13828040/GU51_100_L001_R1_001.fastq.gz;ftp.sra.ebi.ac.uk/vol1/run/ERR138/ERR13828040/GU51_101_L001_R2_001.fastq.gz		ftp.sra.ebi.ac.uk/vol1/err/ERR138/040/ERR13828040/ERR13828040.bam
ERR13828041	SAMEA116143042	ERX13230807	PRJEB61942	9606	Homo sapiens	2eae080b641827a57478832935a23a7a;6789382ed416d72b3e5e0630cdc457fc	ftp.sra.ebi.ac.uk/vol1/fastq/ERR138/041/ERR13828041/ERR13828041_1.fastq.gz;ftp.sra.ebi.ac.uk/vol1/fastq/ERR138/041/ERR13828041/ERR13828041_2.fastq.gz	ftp.sra.ebi.ac.uk/vol1/run/ERR138/ERR13828041/GU52_102_L001_R1_001.fastq.gz;ftp.sra.ebi.ac.uk/vol1/run/ERR138/ERR13828041/GU52_103_L001_R2_001.fastq.gz		ftp.sra.ebi.ac.uk/vol1/err/ERR138/041/ERR13828041/ERR13828041.bam
ERR13828042	SAMEA116143043	ERX13230808	PRJEB61942	9606	Homo sapiens	03a7e63d70d9a80aa57c077ec6cf7b1c;6bbbc553b6eddafa92314c692df35c1a	ftp.sra.ebi.ac.uk/vol1/fastq/ERR138/042/ERR13828042/ERR13828042_1.fastq.gz;ftp.sra.ebi.ac.uk/vol1/fastq/ERR138/042/ERR13828042/ERR13828042_2.fastq.gz	ftp.sra.ebi.ac.uk/vol1/run/ERR138/ERR13828042/GU56_110_L001_R1_001.fastq.gz;ftp.sra.ebi.ac.uk/vol1/run/ERR138/ERR13828042/GU56_111_L001_R2_001.fastq.gz		ftp.sra.ebi.ac.uk/vol1/err/ERR138/042/ERR13828042/ERR13828042.bam
ERR13828044	SAMEA116143045	ERX13230810	PRJEB61942	9606	Homo sapiens	63211d472d165b13d42905b1dffc9247;5ca786fed900e338335aa3abcb536e2f	ftp.sra.ebi.ac.uk/vol1/fastq/ERR138/044/ERR13828044/ERR13828044_1.fastq.gz;ftp.sra.ebi.ac.uk/vol1/fastq/ERR138/044/ERR13828044/ERR13828044_2.fastq.gz	ftp.sra.ebi.ac.uk/vol1/run/ERR138/ERR13828044/GU58_114_L001_R1_001.fastq.gz;ftp.sra.ebi.ac.uk/vol1/run/ERR138/ERR13828044/GU58_115_L001_R2_001.fastq.gz		ftp.sra.ebi.ac.uk/vol1/err/ERR138/044/ERR13828044/ERR13828044.bam
ERR13828049	SAMEA116143050	ERX13230815	PRJEB61942	9606	Homo sapiens	0e189e368cea7bd370c0f5716f025db5;58235dcdf30a19230b61696161ce1451	ftp.sra.ebi.ac.uk/vol1/fastq/ERR138/049/ERR13828049/ERR13828049_1.fastq.gz;ftp.sra.ebi.ac.uk/vol1/fastq/ERR138/049/ERR13828049/ERR13828049_2.fastq.gz	ftp.sra.ebi.ac.uk/vol1/run/ERR138/ERR13828049/GU66_130_L001_R1_001.fastq.gz;ftp.sra.ebi.ac.uk/vol1/run/ERR138/ERR13828049/GU66_131_L001_R2_001.fastq.gz		ftp.sra.ebi.ac.uk/vol1/err/ERR138/049/ERR13828049/ERR13828049.bam
ERR13828051	SAMEA116143052	ERX13230817	PRJEB61942	9606	Homo sapiens	bc907a7ec485a99b85d703b6cb1e6dda;47be8b80546594edcdae004117f86c30	ftp.sra.ebi.ac.uk/vol1/fastq/ERR138/051/ERR13828051/ERR13828051_1.fastq.gz;ftp.sra.ebi.ac.uk/vol1/fastq/ERR138/051/ERR13828051/ERR13828051_2.fastq.gz	ftp.sra.ebi.ac.uk/vol1/run/ERR138/ERR13828051/GU68_134_L001_R1_001.fastq.gz;ftp.sra.ebi.ac.uk/vol1/run/ERR138/ERR13828051/GU68_135_L001_R2_001.fastq.gz		ftp.sra.ebi.ac.uk/vol1/err/ERR138/051/ERR13828051/ERR13828051.bam
ERR13828054	SAMEA116143055	ERX13230820	PRJEB61942	9606	Homo sapiens	f4bc480e6c83834598fafb3a52530b13;3b7f7c5b74a949df2fb6aa09f9292b3b	ftp.sra.ebi.ac.uk/vol1/fastq/ERR138/054/ERR13828054/ERR13828054_1.fastq.gz;ftp.sra.ebi.ac.uk/vol1/fastq/ERR138/054/ERR13828054/ERR13828054_2.fastq.gz	ftp.sra.ebi.ac.uk/vol1/run/ERR138/ERR13828054/GU71_140_L001_R1_001.fastq.gz;ftp.sra.ebi.ac.uk/vol1/run/ERR138/ERR13828054/GU71_141_L001_R2_001.fastq.gz		ftp.sra.ebi.ac.uk/vol1/err/ERR138/054/ERR13828054/ERR13828054.bam
ERR13828055	SAMEA116143056	ERX13230821	PRJEB61942	9606	Homo sapiens	702f0241a5d9538788d58ccef02161b2;2ee5b52e714c60def92346d85b30cbe8	ftp.sra.ebi.ac.uk/vol1/fastq/ERR138/055/ERR13828055/ERR13828055_1.fastq.gz;ftp.sra.ebi.ac.uk/vol1/fastq/ERR138/055/ERR13828055/ERR13828055_2.fastq.gz	ftp.sra.ebi.ac.uk/vol1/run/ERR138/ERR13828055/GU72_142_L001_R1_001.fastq.gz;ftp.sra.ebi.ac.uk/vol1/run/ERR138/ERR13828055/GU72_143_L001_R2_001.fastq.gz		ftp.sra.ebi.ac.uk/vol1/err/ERR138/055/ERR13828055/ERR13828055.bam
ERR13828057	SAMEA116143058	ERX13230823	PRJEB61942	9606	Homo sapiens	017eae5eedb6a9c8a3420ea4f7ead2fd;04958079fca080544d73ad70d6d1fc8d	ftp.sra.ebi.ac.uk/vol1/fastq/ERR138/057/ERR13828057/ERR13828057_1.fastq.gz;ftp.sra.ebi.ac.uk/vol1/fastq/ERR138/057/ERR13828057/ERR13828057_2.fastq.gz	ftp.sra.ebi.ac.uk/vol1/run/ERR138/ERR13828057/GU74_146_L001_R1_001.fastq.gz;ftp.sra.ebi.ac.uk/vol1/run/ERR138/ERR13828057/GU74_147_L001_R2_001.fastq.gz		ftp.sra.ebi.ac.uk/vol1/err/ERR138/057/ERR13828057/ERR13828057.bam
ERR13828062	SAMEA116143063	ERX13230828	PRJEB61942	9606	Homo sapiens	bdbc53f385491b505130816318d117f6;dcd6e751dd1f3d3a89dcb2afca0d46ef	ftp.sra.ebi.ac.uk/vol1/fastq/ERR138/062/ERR13828062/ERR13828062_1.fastq.gz;ftp.sra.ebi.ac.uk/vol1/fastq/ERR138/062/ERR13828062/ERR13828062_2.fastq.gz	ftp.sra.ebi.ac.uk/vol1/run/ERR138/ERR13828062/GU79_156_L001_R1_001.fastq.gz;ftp.sra.ebi.ac.uk/vol1/run/ERR138/ERR13828062/GU79_157_L001_R2_001.fastq.gz		ftp.sra.ebi.ac.uk/vol1/err/ERR138/062/ERR13828062/ERR13828062.bam
ERR13828063	SAMEA116143064	ERX13230829	PRJEB61942	9606	Homo sapiens	3107550bbaacf0c240dc884a27e0fabc;4d5fdc3b24811964c709dde6bfeae61a	ftp.sra.ebi.ac.uk/vol1/fastq/ERR138/063/ERR13828063/ERR13828063_1.fastq.gz;ftp.sra.ebi.ac.uk/vol1/fastq/ERR138/063/ERR13828063/ERR13828063_2.fastq.gz	ftp.sra.ebi.ac.uk/vol1/run/ERR138/ERR13828063/GU80_158_L001_R1_001.fastq.gz;ftp.sra.ebi.ac.uk/vol1/run/ERR138/ERR13828063/GU80_159_L001_R2_001.fastq.gz		ftp.sra.ebi.ac.uk/vol1/err/ERR138/063/ERR13828063/ERR13828063.bam
ERR13828068	SAMEA116143069	ERX13230834	PRJEB61942	9606	Homo sapiens	7065c601254de811f2f2ed33ca23f995;cbdf11c77ac194110ead5e072b840ee9	ftp.sra.ebi.ac.uk/vol1/fastq/ERR138/068/ERR13828068/ERR13828068_1.fastq.gz;ftp.sra.ebi.ac.uk/vol1/fastq/ERR138/068/ERR13828068/ERR13828068_2.fastq.gz	ftp.sra.ebi.ac.uk/vol1/run/ERR138/ERR13828068/GU85_168_L001_R1_001.fastq.gz;ftp.sra.ebi.ac.uk/vol1/run/ERR138/ERR13828068/GU85_169_L001_R2_001.fastq.gz		ftp.sra.ebi.ac.uk/vol1/err/ERR138/068/ERR13828068/ERR13828068.bam
